month,present_numbered,number_gaps,gap_share,hist_registrations,hist_cancelled_by_2025_01_10,hist_still_in_2026_10_04,main_dated_month_not_in_hist,hist_survival_to_2026_10_04
2023-01,631,129,0.169737,753,46,632,0,0.839309
2023-02,832,159,0.160444,980,83,832,1,0.84898
2023-03,1369,246,0.152322,1604,118,1371,0,0.854738
2023-04,869,192,0.180961,1057,79,869,0,0.822138
2023-05,1453,254,0.148799,1686,99,1453,0,0.861803
2023-06,1222,238,0.163014,1432,102,1222,0,0.853352
2023-07,1055,146,0.121565,1227,65,1055,0,0.859821
2023-08,737,115,0.134977,842,36,737,0,0.875297
2023-09,820,101,0.109663,910,29,820,0,0.901099
2023-10,951,116,0.108716,1045,40,951,0,0.910048
2023-11,1063,144,0.119304,1204,58,1063,0,0.88289
2023-12,736,85,0.103532,812,31,736,0,0.906404
2024-01,1038,154,0.129195,1168,44,1037,0,0.887842
2024-02,1046,116,0.0998279,1160,29,1046,0,0.901724
2024-03,1191,171,0.125551,1293,31,1191,0,0.921114
2024-04,1133,256,0.184305,1248,38,1133,0,0.907853
2024-05,1574,252,0.138007,1695,38,1571,3,0.926844
2024-06,1335,129,0.0881148,1427,36,1335,0,0.935529
2024-07,1463,112,0.0711111,1556,38,1448,15,0.930591
2024-08,592,52,0.0807453,639,13,590,2,0.923318
2024-09,909,81,0.0818182,989,19,909,0,0.91911
2024-10,915,60,0.0615385,977,10,915,0,0.93654
2024-11,784,70,0.0819672,852,3,784,0,0.920188
2024-12,779,48,0.0580411,773,10,723,56,0.935317
2025-01,796,75,0.0861079,148,0,133,663,
2025-02,1025,50,0.0465116,0,0,0,1025,
2025-03,1595,49,0.0298054,0,0,0,1595,
2025-04,1146,61,0.0505385,0,0,0,1146,
2025-05,949,39,0.0394737,0,0,0,949,
2025-06,1021,61,0.0563771,0,0,0,1021,
2025-07,896,17,0.0186199,0,0,0,896,
2025-08,443,13,0.0285088,0,0,0,443,
2025-09,451,20,0.0424628,0,0,0,451,
2025-10,440,9,0.0200445,0,0,0,440,
2025-11,531,12,0.0220994,0,0,0,531,
2025-12,495,5,0.01,0,0,0,495,
2026-01,509,5,0.00972763,0,0,0,509,
2026-02,548,10,0.0179211,0,0,0,548,
2026-03,637,12,0.01849,0,0,0,637,
2026-04,600,7,0.0115321,0,0,0,600,
2026-05,643,4,0.00618238,0,0,0,643,
2026-06,632,13,0.020155,0,0,0,632,
2026-07,504,6,0.0117647,0,0,0,504,
2026-08,263,3,0.0112782,0,0,0,263,
