id,publisher,document,doc_date,ref_year,value,unit,concept,cited_source,quote,raw,url,locator,notes,quote_verified
ES-01,Cortes Generales (BOE),"Ley 12/2023, por el derecho a la vivienda, preamble",2023-05-24,"not stated (2019: traced to OVS 2020, ES-03)","290,000",dwellings,A,«últimas estimaciones del Observatorio de Vivienda y Suelo»,"se puede señalar que en España existe un parque de vivienda social, considerando como tal, exclusivamente, la vivienda en alquiler de titularidad pública, situado en el entorno de las 290.000 viviendas",boe/ley12_2023_texto.xml,https://www.boe.es/buscar/act.php?id=BOE-A-2023-12203,"Preámbulo, section on Title III","Split given in the same paragraph: «unas 180.000 son de titularidad de las comunidades autónomas y entidades dependientes, y otras 110.000 viviendas son de titularidad de los ayuntamientos y entidades dependientes».",yes
ES-02,Cortes Generales (BOE),"Ley 12/2023, preamble",2023-05-24,not stated,1.6,% of households,A,as ES-01,"Este parque de 290.000 viviendas sociales apenas ofrece cobertura a un 1,6 % de los 18,6 millones de hogares que habitan en España",boe/ley12_2023_texto.xml,https://www.boe.es/buscar/act.php?id=BOE-A-2023-12203,Preámbulo,"Denominator: 18.6 million households. The same paragraph compares with «porcentajes sensiblemente superiores al 15 %» in six countries, «considerando el total del parque de vivienda social»; the law gives no EU average.",yes
ES-03,"Ministerio de Transportes, Movilidad y Agenda Urbana, Observatorio de Vivienda y Suelo (OVS)",Boletín Especial Vivienda Social 2020 (NIPO 796-20-148-8),2020-08-11,2019 (Cuestionario sobre vivienda social 2019),"290,000",dwellings,A,own questionnaire to the 17 regions and municipalities,en España existe un parque de vivienda social (vivienda en alquiler de titularidad pública) situado en el entorno de las 290.000 viviendas,ovs/OVS_boletin_especial_vivienda_social_2020.pdf,https://publicaciones.transportes.gob.es/observatorio-de-vivienda-y-suelo-boletin-especial-vivienda-social-2020,"Introducción, p. 3","«basadas en las respuestas aportadas por las 17 comunidades autónomas y en el escalado por población de los datos aportados por un total de 162 municipios que han respondido al cuestionario, y que representan 21,9 millones de habitantes». Regional component (Tabla 2.2): 178,493 dwellings in rental (incl. low-price cession), 239,405 owned in all tenures.",yes
ES-04,OVS (Ministry),Boletín Especial Vivienda Social 2020,2020-08-11,2019,1.6,% of households,A,own questionnaire,"Este parque de 290.000 viviendas sociales ofrece cobertura a un 1,6% de los 18,6 millones de hogares que habitan en España",ovs/OVS_boletin_especial_vivienda_social_2020.pdf,https://publicaciones.transportes.gob.es/observatorio-de-vivienda-y-suelo-boletin-especial-vivienda-social-2020,Introducción,"The law's preamble (ES-01, ES-02) repeats this paragraph almost word for word.",yes
ES-05,OVS (Ministry),"Boletín Especial Vivienda Social 2020, Tabla 2.1",2020-08-11,not stated,2.5,% of households,D,"«Fuente: Censo 2011, Eurostat, Housing Europe y elaboración propia»","en términos medios, su parque de vivienda social se sitúa en el entorno del 9% con respecto a las viviendas principales, frente al 2,5% de España",ovs/OVS_boletin_especial_vivienda_social_2020.pdf,https://publicaciones.transportes.gob.es/observatorio-de-vivienda-y-suelo-boletin-especial-vivienda-social-2020,"Cap. 2, Tabla 2.1, p. 31","The same bulletin puts Spain at 1.6% (ES-04) in its introduction and at 2.5% (452,040 dwellings) in its EU table. 2.5% is the share Housing Europe 2019 shows for Spain (ES-13). It equals INE's ECV share of households renting below the market price in every year from 2012 to 2016 (2.5); the 2024 edition of the same table fills Spain's cell with the ECV and says so (ES-08).",yes
ES-06,"Ministerio de Vivienda y Agenda Urbana (MIVAU), OVS",Boletín Especial Vivienda Social 2024 (NIPO 179-24-022-6),2025-01-09,"2023 (Encuesta sobre vivienda social, November 2023)","318,000",dwellings,A,own survey to the regions and main municipalities,"en España existe un parque de vivienda social situado en el entorno de las 318.000 viviendas. De las cuales, unas 197.000 son de titularidad de las comunidades autónomas y entidades dependientes, y otras 121.000 viviendas son de titularidad de los ayuntamientos y entidades dependientes",ovs/OVS_boletin_especial_vivienda_social_2024.pdf,https://publicaciones.transportes.gob.es/observatorio-de-vivienda-y-suelo-boletin-especial-alquiler-residencial-2024,"Introducción, p. 4","«basadas en las respuestas aportadas por las 17 comunidades autónomas y en el escalado por población de los datos aportados por un total de 168 municipios que representan 24,5 millones de habitantes». Definition: art. 3 of Ley 12/2023 (publicly owned, rental, cession or other temporary tenure). Dated January 2025 (PDF created 9 January 2025); on the Transparency Portal since 17 February 2025.",yes
ES-07,"MIVAU, OVS",Boletín Especial Vivienda Social 2024,2025-01-09,2023,1.72,% of households,A,Census (households),"Este parque de 318.000 viviendas sociales ofrece cobertura a un 1,72% de los 18,5 millones de hogares que habitan en España según los datos del último Censo",ovs/OVS_boletin_especial_vivienda_social_2024.pdf,https://publicaciones.transportes.gob.es/observatorio-de-vivienda-y-suelo-boletin-especial-alquiler-residencial-2024,"Introducción, p. 4","Denominator: 18.5 million households, Census 2021.",yes
ES-08,"MIVAU, OVS",Boletín Especial Vivienda Social 2024,2025-01-09,2023 (ECV 2023),3.3,% of households,B,"INE, Encuesta de Condiciones de Vida 2023","Si se considera el parque de vivienda en alquiler social en sentido amplio, más allá del parque de titularidad pública, se puede estimar que éste representa un 3,3% del parque de viviendas principales u hogares en España",ovs/OVS_boletin_especial_vivienda_social_2024.pdf,https://publicaciones.transportes.gob.es/observatorio-de-vivienda-y-suelo-boletin-especial-alquiler-residencial-2024,"Introducción, p. 4; Tabla 2.1","Tabla 2.1: «En el caso de España el porcentaje de alquiler social se ha estimado a partir de la Encuesta de condiciones de vida del INE, correspondiéndose con la categoría de alquiler inferior al precio de mercado».",yes
ES-09,Gobierno de España (BOE),"Real Decreto 326/2026, Plan Estatal de Vivienda 2026-2030, preamble",2026-04-22,"not stated (2023: traced to OVS 2024, ES-06)","318,000",dwellings,A,,"el parque de vivienda de titularidad pública, de ámbito autonómico y municipal, apenas alcanza las 318.000 viviendas, lo que ofrece cobertura a alrededor del 1,7 % de los hogares",boe/rd326_2026_texto.xml,https://www.boe.es/buscar/act.php?id=BOE-A-2026-8872,Preámbulo,1.7% of households.,yes
ES-10,Gobierno de España (BOE),"Real Decreto 326/2026, preamble",2026-04-22,2025 (ECV 2025),3.5,% of households,B,«Encuesta de Condiciones de Vida publicada por el Instituto Nacional de Estadística en 2025»,"se puede estimar que todo el parque de alquiler social en España (inferior a precio de mercado) suma el 3,5 %, situando a España lejos de la media de la Unión Europea del 9 %",boe/rd326_2026_texto.xml,https://www.boe.es/buscar/act.php?id=BOE-A-2026-8872,Preámbulo,Compared in the same sentence with an EU average of 9% (EU-07).,yes
ES-11,INE,"Encuesta de Condiciones de Vida, tabla 76845 (households by tenure)",2026,2025,3.5,% of households,B,,"Total Nacional;Alquiler inferior al precio de mercado;2025;3,5",ine/ecv_76845.csv,https://www.ine.es/jaxiT3/Tabla.htm?t=76845,"Total Nacional, 2025","Same table: «Cesión» 6.5 (2025); below-market rent 2.5 (each year 2012-2016), 2.7 (2019), 3.3 (2023), 3.4 (2024). ECV is the Spanish part of EU-SILC.",yes
ES-12,Eurostat,"EU-SILC, ilc_lvho02 (population by tenure status)",2026-09-17,2025,9.0,% of population,C,,"Tenant, rent at reduced price or free",eurostat/ilc_lvho02_ES_EU27.json,https://ec.europa.eu/eurostat/databrowser/view/ilc_lvho02/default/table,"geo=ES, tenure=RENT_FR, hhcomp=TOTAL, rskpovth=TOTAL","Values read from the JSON: ES 8.0 (2019), 8.8 (2023), 9.0 (2025). The category includes free accommodation (INE's 'Cesión'), which INE's 3.5% excludes. Unit is persons, not households.",yes
ES-13,Housing Europe,"The State of Housing in the EU 2019, country profile Spain",2019-10-01,2017,"250,000 / 2.5",dwellings / % of occupied stock,D,,of total occupied housing,housingeurope/Publication_2019_for_WEB.pdf,https://www.housingeurope.eu/wp-content/uploads/2024/11/Publication%202019%20for%20WEB.pdf,"Spain profile, key figures box, p. 84","The box prints 250,000 next to «Public rental housing» and, as graphic text, 2,5 % next to the quoted words. 250,000 is about 1.1-1.4% of the occupied stock; the box names no source for 2.5%, which equals INE's ECV below-market-rent share for 2012-2016.",yes
ES-14,Housing Europe,"The State of Housing in Europe 2021, country profile Spain",2021,2019 (housing stock note: «2019 data»),"290,000 (1.1%)",dwellings / % of total dwellings,A,Ministerio de Transportes (Boletín especial vivienda social 2020),"Thus, the social rental stock covers 1.6% of the 18.6 million primary residences in",housingeurope/The_State_of_Housing_in_the_EU_2021_digital.pdf,https://www.housingeurope.eu/wp-content/uploads/2024/11/The_State_of_Housing_in_the_EU_2021_digital.pdf,"Spain profile, pp. 90-93","The profile table shows housing stock 25,793,323 in a cell labelled 2020, with a footnote reading «2019 data», and «290,000 (1.1%)»; the text gives 1.6% of 18.6 million primary residences. Same numerator, two denominators.",yes
ES-15,Housing Europe (data from AVS),"The State of Housing in Europe 2025, country profile Spain",2025-12-18,2021 (Census) / not stated,"318,000 (1.7%)",dwellings / % of households,A,«Estimates based on: INE Census 2021: Estimates of social rental housing from AVS»,"Included within this estimate, public housing represents about 1.7% of Spain's housing stock",housingeurope/spain_the_state_of_housing_in_the_eu_2025_digital.pdf,https://www.housingeurope.eu/wp-content/uploads/2025/10/spain_the_state_of_housing_in_the_eu_2025_digital.pdf,"Spain profile, p. 1","The table divides 318,000 by 18,539,223 (Census 2021 total of the tenure table) = 1.7%; the text calls this a share of the «housing stock». Also: «protected housing should represent overall around 3.4% of the housing stock», attributed to «estimates by the Spanish government»; 3.4 equals INE's ECV below-market-rent share for 2024. Note: «The census data does not distinguish between social and private rental.»",yes
ES-16,OECD,"Affordable Housing Database, indicator PH4.2 Social rental housing stock (last updated 24 Nov 2025)",2025-11-24,2019,"290,000 (1.13%)",dwellings / % of total dwellings,E,OECD QuASH (previous rounds for Spain),"The social housing stock is smallest in Colombia, Estonia, Israel, Latvia, Lithuania, Portugal, and Spain, where it accounts for less than 2% of the total housing stock",oecd/PH4-2-Social-rental-housing-stock.pdf,https://webfs.oecd.org/Els-com/Affordable_Housing_Database/PH4-2-Social-rental-housing-stock.pdf,Key findings; Table PH4.2.A1 (xlsx),"xlsx: Spain 290000, 1.1308203126523195, 2019. Note: «For Spain, the figures may also contain other types of reduced rent housing, e.g. employer-provided dwellings.» Implied denominator 25.6 million dwellings.",yes
ES-17,Banco de España,"Informe Anual 2023, cap. 4 (published 30 Apr 2024)",2024-04-30,not stated,"300,000 (1.5%)",dwellings / % of principal dwellings,A,,"con una cifra estimada de este tipo de viviendas en torno a las 300.000 unidades (1,5 % de las viviendas principales)",bde/InfAnual_2023_Cap4.pdf,https://www.bde.es/f/webbe/SES/Secciones/Publicaciones/PublicacionesAnuales/InformesAnuales/23/Fich/InfAnual_2023_Cap4.pdf,"Cap. 4, section 2.2","Gráfico 4.28 note b in the same chapter: «290.000 viviendas, en las que residirían un 1,6 % de los hogares».",yes
ES-18,Banco de España,"Documento Ocasional 2432, El mercado del alquiler de vivienda residencial en España (Oct 2024)",2024-10-16,2023,"300,000 (1.5% / 1%)",dwellings / % of principal dwellings / % of total dwellings,A,,"con una cifra estimada en 2023 de este tipo de viviendas situada alrededor de las 300.000 unidades, que representan en torno al 1,5 % de las viviendas principales y el 1 % del stock total de viviendas",bde/do2432.pdf,https://www.bde.es/f/webbe/SES/Secciones/Publicaciones/PublicacionesSeriadas/DocumentosOcasionales/24/Fich/do2432.pdf,"Section 3, p. 32",Footnote 34: its definition of social rent also counts dwellings let by the public sector at reduced prices such as affordable rent.,yes
ES-19,European Commission,"SWD(2025) 209, 2025 Country Report - Spain",2025-06-04,not stated,1.5,% of total dwellings (as stated),G,"Banco de España, El mercado del alquiler de vivienda residencial en España, 2024 (= ES-18, footnote 4)","Spain’s social rental housing stock represents just 1.5% the total stock, compared to the EU average of 9%",eu/52025SC0209,https://eur-lex.europa.eu/legal-content/EN/TXT/?uri=CELEX:52025SC0209,"Section 1, footnote 4","The cited source gives 1.5% of principal dwellings and 1% of the total stock (ES-18), and an EU/OECD average of about 7% (EU-04); it gives no 9%. The Commission names no other source for 9%.",yes
ES-20,European Commission,"SWD(2025) 209, 2025 Country Report - Spain",2025-06-04,not stated,3.3,% (base not stated),B,"Provivienda, Observatorio de Vivienda (footnote 242)",Spain’s social housing stock is among the lowest in Europe (3.3% vs 8% EU average),eu/52025SC0209,https://eur-lex.europa.eu/legal-content/EN/TXT/?uri=CELEX:52025SC0209,Annex 11 (also in the executive summary),"3.3% and 8% match the OVS 2024 broad figure and its EU-27 average (ES-08, EU-02); we could not check what Provivienda cites, because its page is behind a CAPTCHA. The same document also uses 1.5% vs 9% (ES-19).",yes
ES-21,Council of the EU,"Council Recommendation of 8 July 2025 on the economic, social, employment, structural and budgetary policies of Spain",2025-07-08,not stated,1.5,% of total dwellings (as stated),G,«According to the Bank of Spain»,"According to the Bank of Spain, the stock of social rental housing is only 1,5 % of the total housing stock, well below the EU average of 9 %",eu/32025H03983,https://eur-lex.europa.eu/legal-content/EN/TXT/?uri=CELEX:32025H03983,Recital (34),Attributes the figure to «the Bank of Spain» without naming a document. Same mismatch as ES-19.,yes
ES-22,European Commission,"SWD(2026) 209, 2026 Country Report - Spain",2026-06-03,not stated,"318,000 (1.5-1.7%)",dwellings / % of households,A,,"There are over 318 000 publicly owned rental dwellings, covering only 1.5-1.7% of households",eu/52026SC0209,https://eur-lex.europa.eu/legal-content/EN/TXT/?uri=CELEX:52026SC0209,Annex on housing (footnotes 335-337),"Same paragraph: 197,000 regional and 121,000 municipal (= OVS 2024), and «Broader estimates that include all protected or regulated housing (rental and sale) ( 336 ) raise the share to around 2.5-3.4% of the total social housing stock. This remains well below the EU average of 6-7%.»",yes
ES-23,European Commission,"SWD(2026) 209, 2026 Country Report - Spain",2026-06-03,not stated,2.5-3.4,% (base not stated),F,"footnote 336: art. 3 of Ley 12/2023 (a definition, not a data source)",raise the share to around 2.5-3.4% of the total social housing stock,eu/52026SC0209,https://eur-lex.europa.eu/legal-content/EN/TXT/?uri=CELEX:52026SC0209,Annex on housing,"Described as protected or regulated housing, rental and sale; as worded, a share «of the total social housing stock». Both bounds equal values of INE's ECV below-market-rent share (2.5 in 2012-2016, 3.4 in 2024), which measures households paying a below-market rent, not protected housing.",yes
ES-24,Council of the EU,"Council Recommendation of 10 July 2026 on the economic, social, employment, structural and budgetary policies of Spain",2026-07-10,not stated,<2,% of total dwellings («total housing supply»),A,,"Spain has one of the lowest stocks of social housing across the EU, representing less than 2 % of the total housing supply compared to an EU average of roughly 7 %",eu/32026H03922,https://eur-lex.europa.eu/legal-content/EN/TXT/?uri=CELEX:32026H03922,Recital (34),"Consistent with 318,000 / 27.0 million dwellings = 1.2%.",yes
ES-25,European Commission,"SWD(2024) 609, 2024 Country Report - Spain",2024-06-19,not stated,,text (no number),H,,The share of social housing stock is less than one third of the EU average.,eu/52024SC0609,https://eur-lex.europa.eu/legal-content/EN/TXT/?uri=CELEX:52024SC0609,Annex,,yes
ES-26,European Commission,"SWD(2022) 610, 2022 Country Report - Spain",2022-05-23,not stated,,text (no number),H,,a significantly larger social housing stock (currently only a small fraction of the EU average),eu/52022SC0610,https://eur-lex.europa.eu/legal-content/EN/TXT/?uri=CELEX:52022SC0610,Annex,,yes
ES-27,Council of the EU,Council Recommendation of 14 July 2023 on the 2023 National Reform Programme of Spain,2023-07-14,not stated,,text (no number),H,,The supply of affordable and social housing remains constrained and is significantly lower than the Union average.,eu/32023H0901(09),https://eur-lex.europa.eu/legal-content/EN/TXT/?uri=CELEX:32023H0901(09),Recitals,,yes
ES-28,INE,"Censos de Población y Viviendas 2021, project document",2021,2021,,text (no number),H,,"se proponen estas tres categorías, coincidentes con las especificadas en el actual Reglamento",ine/censos2021_proyecto.pdf,https://www.ine.es/censos2021/censos2021_proyecto.pdf,8.5.1 Régimen de tenencia,"The three tenure categories: owned, rented, other tenure. The census does not separate social from market rent; Housing Europe 2025 says the same (ES-15).",yes
ES-29,Banco de España,"Informe Anual 2023, cap. 4 (published 30 Apr 2024)",2024-04-30,July 2023,"47,000 / 14,000 / 10,000",dwellings (available or in development),I,«las cifras públicas disponibles a julio de 2023»,"unas 47.000 viviendas para alquiler social disponibles o en desarrollo por parte del Ministerio de Vivienda y Agenda Urbana, además de 14.000 de la Sareb y unas 10.000 del Fondo Social de Viviendas en alquiler",bde/InfAnual_2023_Cap4.pdf,https://www.bde.es/f/webbe/SES/Secciones/Publicaciones/PublicacionesAnuales/InformesAnuales/23/Fich/InfAnual_2023_Cap4.pdf,"Cap. 4, section on public measures","A pipeline of State-side programmes (available or in development), not a count of State-owned dwellings.",yes
ES-30,"CASA 47 (Entidad Estatal de Vivienda, formerly SEPES)",Web page «Traspaso vivienda y suelo» (Acuerdo del Consejo de Ministros de 1 de julio de 2025),2025-07-01,2025,"40,000",dwellings (identified for transfer from Sareb),I,information provided by Sareb,se han identificado de forma preliminar más de 40.000 viviendas y cerca de 2.400 suelos,casa47/traspaso-vivienda-y-suelo.html,https://www.casa47.es/traspaso-vivienda-y-suelo,Incorporación de viviendas y suelos de Sareb,"Dwellings to be transferred from Sareb to the State entity; a planned addition, not a stock count.",yes
ES-31,CASA 47,News item: El presidente de Gobierno presenta el portal de vivienda asequible de Casa 47,2026-09-07,2026,816,dwellings offered for affordable rent in two calls,I,,suman 816 viviendas en alquiler asequible que Casa 47 ha impulsado entre ambas convocatorias,casa47/w_el-presidente-de-gobierno-presenta-el-portal-de-vivienda-asequible-de-casa-47.html,https://www.casa47.es/w/el-presidente-de-gobierno-presenta-el-portal-de-vivienda-asequible-de-casa-47,Body,"Same page: «El portal de vivienda de Casa 47 cuenta ya con más de 800 viviendas». Units offered on the State entity's portal, not its whole stock.",yes
ES-32,CASA 47,Plan Anual de Actuación 2026,2026,2026,,text (no number),H,,Costes asociados al mantenimiento y gestión del parque estatal de viviendas,casa47/plan_anual_2026.pdf,https://www.casa47.es/planificacion-actuaciones-y-resultados,Programa de Actuación Plurianual,"The plan refers to a «parque estatal de vivienda» and budgets for it, but gives no count of the dwellings in it.",yes
