source,region,rental_2019,rental_2023,rental_var_printed,rent_to_buy_2019,rent_to_buy_2023,rent_to_buy_var_printed,for_sale_2019,for_sale_2023,for_sale_var_printed,other_2019,other_2023,other_var_printed,total_2019,total_2023,total_var_printed
"OVS 2024, Tabla 2.3",Andalucía,49794,48834,-960,0,0,0,20426,18522,-1.904,4564,5708,1.144,74784,73064,78.588
"OVS 2024, Tabla 2.3",Aragón,506,610,104,256,0,-256,0,202,202,0,0,0,762,812,50
"OVS 2024, Tabla 2.3",Asturias,10464,8817,-1.647,0,0,0,0,0,0,0,0,0,10464,8817,-1.647
"OVS 2024, Tabla 2.3",Balears,1257,2362,1.105,188,0,-188,310,0,-310,13,0,-13,1768,2362,594
"OVS 2024, Tabla 2.3",Canarias,17253,14473,-2.780,0,4940,4.940,1686,0,-1.686,0,0,0,18939,19413,474
"OVS 2024, Tabla 2.3",Cantabria,166,397,231,78,5,-73,0,0,0,31,0,-31,275,402,127
"OVS 2024, Tabla 2.3",Castilla y León,2006,1842,-164,0,0,0,7638,3510,-4.128,0,0,0,9644,5352,-4.292
"OVS 2024, Tabla 2.3",Castilla-La Mancha,5395,6801,1.406,0,1040,1.040,694,440,-254,873,87,-786,6962,8368,1.406
"OVS 2024, Tabla 2.3",Cataluña,15910,17960,2.050,450,320,-130,0,0,0,0,0,0,16360,18280,1.920
"OVS 2024, Tabla 2.3",Comunitat Valenciana,10020,11544,1.524,354,0,-354,3586,2754,-832,0,0,0,13960,14298,338
"OVS 2024, Tabla 2.3",Extremadura,13500,12633,-867,0,0,0,0,0,0,0,0,0,13500,12633,-867
"OVS 2024, Tabla 2.3",Galicia,3534,3819,285,5520,0,-5.520,155,7538,7.383,0,199,199,9209,11556,2.347
"OVS 2024, Tabla 2.3",Madrid,20077,29327,9.250,616,4,-612,0,0,0,0,289,289,20693,29620,8.927
"OVS 2024, Tabla 2.3",Murcia,1962,1736,-226,153,103,-50,397,442,45,10,90,80,2522,2371,-151
"OVS 2024, Tabla 2.3",Navarra,990,2075,1.085,0,0,0,62,0,-62,744,160,-584,1796,2235,439
"OVS 2024, Tabla 2.3",País Vasco,23874,31492,7.618,0,0,0,837,318,-519,5994,7596,1.602,30705,39406,8.701
"OVS 2024, Tabla 2.3",Rioja,22,179,157,13,15,2,0,21,21,7,0,-7,42,215,173
"OVS 2024, Tabla 2.3",Ceuta,651,773,122,0,0,0,5224,511,-4.713,0,281,281,5875,1565,-4.310
"OVS 2024, Tabla 2.3",Melilla,1112,1168,56,33,0,-33,0,0,0,0,0,0,1145,1168,23
"OVS 2024, Tabla 2.3",TOTAL,178493,187252,8.759,7661,6427,-1.234,41015,33747,-7.268,12236,14129,1.893,239405,251937,12.532
