release,sheet,note_title,name_in_note,district,province,series_province,phase,kind
2025Q3,Nota falta datos lanzamientos,Partidos judiciales con falta de información sobre lanzamientos a fecha de cierre del informe ( 9/12/2025),Almadén,ALMADEN,CIUDAD REAL,CIUDAD REAL,1,estimated
2025Q3,Nota falta datos lanzamientos,Partidos judiciales con falta de información sobre lanzamientos a fecha de cierre del informe ( 9/12/2025),Almagro,ALMAGRO,CIUDAD REAL,CIUDAD REAL,1,estimated
2025Q3,Nota falta datos lanzamientos,Partidos judiciales con falta de información sobre lanzamientos a fecha de cierre del informe ( 9/12/2025),Almansa,ALMANSA,ALBACETE,ALBACETE,1,estimated
2025Q3,Nota falta datos lanzamientos,Partidos judiciales con falta de información sobre lanzamientos a fecha de cierre del informe ( 9/12/2025),Almendralejo,ALMENDRALEJO,BADAJOZ,BADAJOZ,1,estimated
2025Q3,Nota falta datos lanzamientos,Partidos judiciales con falta de información sobre lanzamientos a fecha de cierre del informe ( 9/12/2025),Aoiz/Agoitz,AOIZ/AGOITZ,NAVARRA,NAVARRA,1,estimated
2025Q3,Nota falta datos lanzamientos,Partidos judiciales con falta de información sobre lanzamientos a fecha de cierre del informe ( 9/12/2025),Archidona,ARCHIDONA,MALAGA,MALAGA,1,estimated
2025Q3,Nota falta datos lanzamientos,Partidos judiciales con falta de información sobre lanzamientos a fecha de cierre del informe ( 9/12/2025),Arenas de San Pedro,ARENAS DE SAN PEDRO,AVILA,AVILA,1,estimated
2025Q3,Nota falta datos lanzamientos,Partidos judiciales con falta de información sobre lanzamientos a fecha de cierre del informe ( 9/12/2025),Arzúa,ARZUA,A CORUNA,A CORUNA,1,estimated
2025Q3,Nota falta datos lanzamientos,Partidos judiciales con falta de información sobre lanzamientos a fecha de cierre del informe ( 9/12/2025),Barbate,BARBATE,CADIZ,CADIZ,1,estimated
2025Q3,Nota falta datos lanzamientos,Partidos judiciales con falta de información sobre lanzamientos a fecha de cierre del informe ( 9/12/2025),Berga,BERGA,BARCELONA,BARCELONA,1,estimated
2025Q3,Nota falta datos lanzamientos,Partidos judiciales con falta de información sobre lanzamientos a fecha de cierre del informe ( 9/12/2025),Calahorra,CALAHORRA,LA RIOJA,LA RIOJA,1,estimated
2025Q3,Nota falta datos lanzamientos,Partidos judiciales con falta de información sobre lanzamientos a fecha de cierre del informe ( 9/12/2025),Cambados,CAMBADOS,PONTEVEDRA,PONTEVEDRA,1,estimated
2025Q3,Nota falta datos lanzamientos,Partidos judiciales con falta de información sobre lanzamientos a fecha de cierre del informe ( 9/12/2025),Carrión de los Condes,CARRION DE LOS CONDES,PALENCIA,PALENCIA,1,estimated
2025Q3,Nota falta datos lanzamientos,Partidos judiciales con falta de información sobre lanzamientos a fecha de cierre del informe ( 9/12/2025),Caspe,CASPE,ZARAGOZA,ZARAGOZA,1,estimated
2025Q3,Nota falta datos lanzamientos,Partidos judiciales con falta de información sobre lanzamientos a fecha de cierre del informe ( 9/12/2025),Castro-Urdiales,CASTRO-URDIALES,CANTABRIA,CANTABRIA,1,estimated
2025Q3,Nota falta datos lanzamientos,Partidos judiciales con falta de información sobre lanzamientos a fecha de cierre del informe ( 9/12/2025),Castuera,CASTUERA,BADAJOZ,BADAJOZ,1,estimated
2025Q3,Nota falta datos lanzamientos,Partidos judiciales con falta de información sobre lanzamientos a fecha de cierre del informe ( 9/12/2025),Cervera de Pisuerga,CERVERA DE PISUERGA,PALENCIA,PALENCIA,1,estimated
2025Q3,Nota falta datos lanzamientos,Partidos judiciales con falta de información sobre lanzamientos a fecha de cierre del informe ( 9/12/2025),Chiclana de la Frontera,CHICLANA DE LA FRONTERA,CADIZ,CADIZ,1,estimated
2025Q3,Nota falta datos lanzamientos,Partidos judiciales con falta de información sobre lanzamientos a fecha de cierre del informe ( 9/12/2025),Corcubión,CORCUBION,A CORUNA,A CORUNA,1,estimated
2025Q3,Nota falta datos lanzamientos,Partidos judiciales con falta de información sobre lanzamientos a fecha de cierre del informe ( 9/12/2025),Cornellà de Llobregat,CORNELLA DE LLOBREGAT,BARCELONA,BARCELONA,1,estimated
2025Q3,Nota falta datos lanzamientos,Partidos judiciales con falta de información sobre lanzamientos a fecha de cierre del informe ( 9/12/2025),Cuenca,CUENCA,CUENCA,CUENCA,3,estimated
2025Q3,Nota falta datos lanzamientos,Partidos judiciales con falta de información sobre lanzamientos a fecha de cierre del informe ( 9/12/2025),Daimiel,DAIMIEL,CIUDAD REAL,CIUDAD REAL,1,estimated
2025Q3,Nota falta datos lanzamientos,Partidos judiciales con falta de información sobre lanzamientos a fecha de cierre del informe ( 9/12/2025),Fregenal de la Sierra,FREGENAL DE LA SIERRA,BADAJOZ,BADAJOZ,1,estimated
2025Q3,Nota falta datos lanzamientos,Partidos judiciales con falta de información sobre lanzamientos a fecha de cierre del informe ( 9/12/2025),Grado,GRADO,ASTURIAS,ASTURIAS,1,estimated
2025Q3,Nota falta datos lanzamientos,Partidos judiciales con falta de información sobre lanzamientos a fecha de cierre del informe ( 9/12/2025),Granadilla de Abona,GRANADILLA DE ABONA,SANTA CRUZ DE TENERIFE,SANTA CRUZ DE TENERIFE,1,estimated
2025Q3,Nota falta datos lanzamientos,Partidos judiciales con falta de información sobre lanzamientos a fecha de cierre del informe ( 9/12/2025),Güímar,GÜIMAR,SANTA CRUZ DE TENERIFE,SANTA CRUZ DE TENERIFE,1,estimated
2025Q3,Nota falta datos lanzamientos,Partidos judiciales con falta de información sobre lanzamientos a fecha de cierre del informe ( 9/12/2025),Irun,IRUN,GIPUZKOA,GIPUZKOA,1,estimated
2025Q3,Nota falta datos lanzamientos,Partidos judiciales con falta de información sobre lanzamientos a fecha de cierre del informe ( 9/12/2025),Jumilla,JUMILLA,MURCIA,MURCIA,1,estimated
2025Q3,Nota falta datos lanzamientos,Partidos judiciales con falta de información sobre lanzamientos a fecha de cierre del informe ( 9/12/2025),Lerma,LERMA,BURGOS,BURGOS,1,estimated
2025Q3,Nota falta datos lanzamientos,Partidos judiciales con falta de información sobre lanzamientos a fecha de cierre del informe ( 9/12/2025),"Línea de la Concepción, La",LA LINEA DE LA CONCEPCION,CADIZ,CADIZ,1,estimated
2025Q3,Nota falta datos lanzamientos,Partidos judiciales con falta de información sobre lanzamientos a fecha de cierre del informe ( 9/12/2025),Manzanares,MANZANARES,CIUDAD REAL,CIUDAD REAL,1,estimated
2025Q3,Nota falta datos lanzamientos,Partidos judiciales con falta de información sobre lanzamientos a fecha de cierre del informe ( 9/12/2025),Marchena,MARCHENA,SEVILLA,SEVILLA,1,estimated
2025Q3,Nota falta datos lanzamientos,Partidos judiciales con falta de información sobre lanzamientos a fecha de cierre del informe ( 9/12/2025),Martos,MARTOS,JAEN,JAEN,1,estimated
2025Q3,Nota falta datos lanzamientos,Partidos judiciales con falta de información sobre lanzamientos a fecha de cierre del informe ( 9/12/2025),Medio Cudeyo,MEDIO CUDEYO,CANTABRIA,CANTABRIA,1,estimated
2025Q3,Nota falta datos lanzamientos,Partidos judiciales con falta de información sobre lanzamientos a fecha de cierre del informe ( 9/12/2025),Miranda de Ebro,MIRANDA DE EBRO,BURGOS,BURGOS,1,estimated
2025Q3,Nota falta datos lanzamientos,Partidos judiciales con falta de información sobre lanzamientos a fecha de cierre del informe ( 9/12/2025),Monforte de Lemos,MONFORTE DE LEMOS,LUGO,LUGO,1,estimated
2025Q3,Nota falta datos lanzamientos,Partidos judiciales con falta de información sobre lanzamientos a fecha de cierre del informe ( 9/12/2025),Motilla del Palancar,MOTILLA DEL PALANCAR,CUENCA,CUENCA,1,estimated
2025Q3,Nota falta datos lanzamientos,Partidos judiciales con falta de información sobre lanzamientos a fecha de cierre del informe ( 9/12/2025),Navalcarnero,NAVALCARNERO,MADRID,MADRID,1,estimated
2025Q3,Nota falta datos lanzamientos,Partidos judiciales con falta de información sobre lanzamientos a fecha de cierre del informe ( 9/12/2025),Negreira,NEGREIRA,A CORUNA,A CORUNA,1,estimated
2025Q3,Nota falta datos lanzamientos,Partidos judiciales con falta de información sobre lanzamientos a fecha de cierre del informe ( 9/12/2025),Ordes,ORDES,A CORUNA,A CORUNA,1,estimated
2025Q3,Nota falta datos lanzamientos,Partidos judiciales con falta de información sobre lanzamientos a fecha de cierre del informe ( 9/12/2025),"Orotava, La",LA OROTAVA,SANTA CRUZ DE TENERIFE,SANTA CRUZ DE TENERIFE,1,estimated
2025Q3,Nota falta datos lanzamientos,Partidos judiciales con falta de información sobre lanzamientos a fecha de cierre del informe ( 9/12/2025),Ortigueira,ORTIGUEIRA,A CORUNA,A CORUNA,1,estimated
2025Q3,Nota falta datos lanzamientos,Partidos judiciales con falta de información sobre lanzamientos a fecha de cierre del informe ( 9/12/2025),Padrón,PADRON,A CORUNA,A CORUNA,1,estimated
2025Q3,Nota falta datos lanzamientos,Partidos judiciales con falta de información sobre lanzamientos a fecha de cierre del informe ( 9/12/2025),Piedrahíta,PIEDRAHITA,AVILA,AVILA,1,estimated
2025Q3,Nota falta datos lanzamientos,Partidos judiciales con falta de información sobre lanzamientos a fecha de cierre del informe ( 9/12/2025),Piloña,PILOÑA,ASTURIAS,ASTURIAS,1,estimated
2025Q3,Nota falta datos lanzamientos,Partidos judiciales con falta de información sobre lanzamientos a fecha de cierre del informe ( 9/12/2025),Pozuelo de Alarcón,POZUELO DE ALARCON,MADRID,MADRID,1,estimated
2025Q3,Nota falta datos lanzamientos,Partidos judiciales con falta de información sobre lanzamientos a fecha de cierre del informe ( 9/12/2025),Puerto de la Cruz,PUERTO DE LA CRUZ,SANTA CRUZ DE TENERIFE,SANTA CRUZ DE TENERIFE,1,estimated
2025Q3,Nota falta datos lanzamientos,Partidos judiciales con falta de información sobre lanzamientos a fecha de cierre del informe ( 9/12/2025),Quintanar de la Orden,QUINTANAR DE LA ORDEN,TOLEDO,TOLEDO,1,estimated
2025Q3,Nota falta datos lanzamientos,Partidos judiciales con falta de información sobre lanzamientos a fecha de cierre del informe ( 9/12/2025),Rota,ROTA,CADIZ,CADIZ,1,estimated
2025Q3,Nota falta datos lanzamientos,Partidos judiciales con falta de información sobre lanzamientos a fecha de cierre del informe ( 9/12/2025),Rubí,RUBI,BARCELONA,BARCELONA,1,estimated
2025Q3,Nota falta datos lanzamientos,Partidos judiciales con falta de información sobre lanzamientos a fecha de cierre del informe ( 9/12/2025),San Javier,SAN JAVIER,MURCIA,MURCIA,1,estimated
2025Q3,Nota falta datos lanzamientos,Partidos judiciales con falta de información sobre lanzamientos a fecha de cierre del informe ( 9/12/2025),San Roque,SAN ROQUE,CADIZ,CADIZ,1,estimated
2025Q3,Nota falta datos lanzamientos,Partidos judiciales con falta de información sobre lanzamientos a fecha de cierre del informe ( 9/12/2025),Sanlúcar de Barrameda,SANLUCAR DE BARRAMEDA,CADIZ,CADIZ,1,estimated
2025Q3,Nota falta datos lanzamientos,Partidos judiciales con falta de información sobre lanzamientos a fecha de cierre del informe ( 9/12/2025),Santoña,SANTOÑA,CANTABRIA,CANTABRIA,1,estimated
2025Q3,Nota falta datos lanzamientos,Partidos judiciales con falta de información sobre lanzamientos a fecha de cierre del informe ( 9/12/2025),Tolosa,TOLOSA,GIPUZKOA,GIPUZKOA,1,estimated
2025Q3,Nota falta datos lanzamientos,Partidos judiciales con falta de información sobre lanzamientos a fecha de cierre del informe ( 9/12/2025),Torrelavega,TORRELAVEGA,CANTABRIA,CANTABRIA,1,estimated
2025Q3,Nota falta datos lanzamientos,Partidos judiciales con falta de información sobre lanzamientos a fecha de cierre del informe ( 9/12/2025),Torrox,TORROX,MALAGA,MALAGA,1,estimated
2025Q3,Nota falta datos lanzamientos,Partidos judiciales con falta de información sobre lanzamientos a fecha de cierre del informe ( 9/12/2025),Úbeda,UBEDA,JAEN,JAEN,1,estimated
2025Q3,Nota falta datos lanzamientos,Partidos judiciales con falta de información sobre lanzamientos a fecha de cierre del informe ( 9/12/2025),Ubrique,UBRIQUE,CADIZ,CADIZ,1,estimated
2025Q3,Nota falta datos lanzamientos,Partidos judiciales con falta de información sobre lanzamientos a fecha de cierre del informe ( 9/12/2025),Valls,VALLS,TARRAGONA,TARRAGONA,1,estimated
2025Q3,Nota falta datos lanzamientos,Partidos judiciales con falta de información sobre lanzamientos a fecha de cierre del informe ( 9/12/2025),Villablino,VILLABLINO,LEON,LEON,1,estimated
2025Q3,Nota falta datos lanzamientos,Partidos judiciales con falta de información sobre lanzamientos a fecha de cierre del informe ( 9/12/2025),Villarcayo de Merindad de Castilla la Vieja,VILLARCAYO DE MERINDAD DE CASTILLA LA VIEJA,BURGOS,BURGOS,1,estimated
2025Q3,Nota falta datos lanzamientos,Partidos judiciales con falta de información sobre lanzamientos a fecha de cierre del informe ( 9/12/2025),Xinzo de Limia,XINZO DE LIMIA,OURENSE,OURENSE,1,estimated
2025Q3,Nota falta datos lanzamientos,Partidos judiciales con falta de información sobre lanzamientos a fecha de cierre del informe ( 9/12/2025),Zafra,ZAFRA,BADAJOZ,BADAJOZ,1,estimated
2025Q4,Nota falta datos lanzamientos,Partidos judiciales con falta de información parcial sobre lanzamientos a fecha de cierre del informe ( 18/12/2025),Estella-Lizarra,ESTELLA/LIZARRA,NAVARRA,NAVARRA,1,partial
2025Q4,Nota falta datos lanzamientos,Partidos judiciales con falta de información parcial sobre lanzamientos a fecha de cierre del informe ( 18/12/2025),Guimar,GÜIMAR,SANTA CRUZ DE TENERIFE,SANTA CRUZ DE TENERIFE,1,partial
2025Q4,Nota falta datos lanzamientos,Partidos judiciales con falta de información parcial sobre lanzamientos a fecha de cierre del informe ( 18/12/2025),La Línea de la Concepción,LA LINEA DE LA CONCEPCION,CADIZ,CADIZ,1,partial
2025Q4,Nota falta datos lanzamientos,Partidos judiciales con falta de información parcial sobre lanzamientos a fecha de cierre del informe ( 18/12/2025),Ubrique,UBRIQUE,CADIZ,CADIZ,1,partial
2026Q1,Nota falta datos,Partidos judiciales con falta de información a fecha de cierre del informe ( 18/06/2026),Donostia/San Sebastián,DONOSTIA-SAN SEBASTIAN,GIPUZKOA,GIPUZKOA,3,no_data
2026Q1,Nota falta datos,Partidos judiciales con falta de información a fecha de cierre del informe ( 18/06/2026),Gijón,GIJON,ASTURIAS,ASTURIAS,3,no_data
2026Q1,Nota falta datos,Partidos judiciales con falta de información a fecha de cierre del informe ( 18/06/2026),Vinarós,VINAROS,CASTELLON,CASTELLON,3,no_data
