district,province,series_province,ccaa,phase,phase_quarter,in_mju_phase3_sheet,tot_2023,tot_2024,tot_2025,hip_2024,hip_2025,lau_2024,lau_2025,otr_2024,otr_2025,w,w_2024,dq1_flags,cgpj_flag_2025Q3,cgpj_flag_2025Q4,cgpj_flag_2026Q1
A CORUÑA,A CORUNA,A CORUNA,Galicia,3,2026Q1,0,210,214,201,17,10,187,185,10,6,0.449153,0.440329,,0,0,0
ARZUA,A CORUNA,A CORUNA,Galicia,1,2025Q3,0,3,19,10,7,3,11,7,1,0,0.0233051,0.0390947,,1,0,0
BETANZOS,A CORUNA,A CORUNA,Galicia,1,2025Q3,0,35,31,17,6,2,22,15,3,0,0.0699153,0.063786,,0,0,0
CARBALLO,A CORUNA,A CORUNA,Galicia,1,2025Q3,0,19,9,16,1,6,7,10,1,0,0.029661,0.0185185,,0,0,0
CORCUBION,A CORUNA,A CORUNA,Galicia,1,2025Q3,0,11,5,11,0,2,5,9,0,0,0.0169492,0.0102881,,1,0,0
FERROL,A CORUNA,A CORUNA,Galicia,3,2026Q1,0,52,71,50,10,11,61,35,0,4,0.130297,0.146091,,0,0,0
MUROS,A CORUNA,A CORUNA,Galicia,1,2025Q3,0,1,4,1,0,0,4,0,0,1,0.00529661,0.00823045,,0,0,0
NEGREIRA,A CORUNA,A CORUNA,Galicia,1,2025Q3,0,0,2,0,0,0,2,0,0,0,0.00211864,0.00411523,,1,0,0
NOIA,A CORUNA,A CORUNA,Galicia,1,2025Q3,0,9,16,64,3,13,13,46,0,5,0.0264831,0.0329218,,0,0,0
ORDES,A CORUNA,A CORUNA,Galicia,1,2025Q3,0,13,17,12,0,2,17,10,0,0,0.0317797,0.0349794,,1,0,0
ORTIGUEIRA,A CORUNA,A CORUNA,Galicia,1,2025Q3,0,7,9,5,3,1,6,4,0,0,0.0169492,0.0185185,,1,0,0
PADRON,A CORUNA,A CORUNA,Galicia,1,2025Q3,0,10,5,4,0,0,4,3,1,1,0.0158898,0.0102881,,1,0,0
RIBEIRA,A CORUNA,A CORUNA,Galicia,1,2025Q3,0,31,34,23,4,7,28,16,2,0,0.0688559,0.0699588,,0,0,0
SANTIAGO DE COMPOSTELA,A CORUNA,A CORUNA,Galicia,3,2026Q1,0,57,50,63,7,10,43,49,0,4,0.113347,0.102881,,0,0,0
ALBACETE,ALBACETE,ALBACETE,Castilla-La Mancha,3,2026Q1,1,56,90,61,10,6,79,52,1,3,0.561538,0.580645,,0,0,0
ALCARAZ,ALBACETE,ALBACETE,Castilla-La Mancha,1,2025Q3,0,1,2,20,0,2,0,2,2,16,0.0115385,0.0129032,,0,0,0
ALMANSA,ALBACETE,ALBACETE,Castilla-La Mancha,1,2025Q3,0,2,9,34,1,3,8,27,0,4,0.0423077,0.0580645,,1,0,0
CASAS-IBAÑEZ,ALBACETE,ALBACETE,Castilla-La Mancha,1,2025Q3,0,6,14,22,12,2,2,18,0,2,0.0769231,0.0903226,,0,0,0
HELLIN,ALBACETE,ALBACETE,Castilla-La Mancha,1,2025Q3,0,25,24,54,1,23,22,14,1,17,0.188462,0.154839,,0,0,0
LA RODA,ALBACETE,ALBACETE,Castilla-La Mancha,1,2025Q3,0,2,5,20,2,2,3,18,0,0,0.0269231,0.0322581,,0,0,0
VILLAROBLEDO,ALBACETE,ALBACETE,Castilla-La Mancha,1,2025Q3,0,13,11,10,2,1,8,0,1,9,0.0923077,0.0709677,,0,0,0
ALCOY/ALCOI,ALICANTE,ALICANTE,Comunidad Valenciana,1,2025Q3,0,34,35,36,0,4,35,31,0,1,0.021316,0.0222646,,0,0,0
ALICANTE/ALACANT,ALICANTE,ALICANTE,Comunidad Valenciana,3,2026Q1,0,360,393,335,83,60,302,262,8,13,0.232623,0.25,,0,0,0
BENIDORM,ALICANTE,ALICANTE,Comunidad Valenciana,3,2026Q1,0,139,107,103,19,17,86,84,2,2,0.0759963,0.0680662,,0,0,0
DENIA,ALICANTE,ALICANTE,Comunidad Valenciana,2,2025Q4,0,431,284,118,118,17,157,90,9,11,0.220884,0.180662,,0,0,0
ELCHE/ELX,ALICANTE,ALICANTE,Comunidad Valenciana,3,2026Q1,0,184,197,130,51,27,143,102,3,1,0.117702,0.125318,,0,0,0
ELDA,ALICANTE,ALICANTE,Comunidad Valenciana,1,2025Q3,0,74,37,23,10,6,22,12,5,5,0.034291,0.0235369,,0,0,0
IBI,ALICANTE,ALICANTE,Comunidad Valenciana,1,2025Q3,0,21,26,32,11,4,15,27,0,1,0.0145196,0.0165394,,0,0,0
NOVELDA,ALICANTE,ALICANTE,Comunidad Valenciana,1,2025Q3,0,74,56,32,21,12,35,20,0,0,0.0401606,0.0356234,,0,0,0
ORIHUELA,ALICANTE,ALICANTE,Comunidad Valenciana,3,2026Q1,0,54,130,86,54,37,71,44,5,5,0.0568428,0.0826972,,0,0,0
SAN VICENTE DEL RASPEIG/SANT VICENT DEL RASPEIG,ALICANTE,ALICANTE,Comunidad Valenciana,1,2025Q3,0,73,58,33,12,2,38,31,8,0,0.0404696,0.0368957,,0,0,0
TORREVIEJA,ALICANTE,ALICANTE,Comunidad Valenciana,3,2026Q1,0,121,196,219,33,37,158,173,5,9,0.0979302,0.124682,,0,0,0
VILLAJOYOSA/VILA JOIOSA-LA,ALICANTE,ALICANTE,Comunidad Valenciana,1,2025Q3,0,73,39,11,16,2,23,9,0,0,0.0345999,0.0248092,,0,0,0
VILLENA,ALICANTE,ALICANTE,Comunidad Valenciana,3,2026Q1,0,27,14,15,3,5,11,7,0,3,0.012666,0.00890585,,0,0,0
ALMERIA,ALMERIA,ALMERIA,Andalucía,3,2026Q1,0,181,171,191,34,50,119,129,18,12,0.279587,0.307002,,0,0,0
BERJA,ALMERIA,ALMERIA,Andalucía,1,2025Q3,0,16,13,14,4,4,7,9,2,1,0.0230342,0.0233393,,0,0,0
EL EJIDO,ALMERIA,ALMERIA,Andalucía,1,2025Q3,0,126,123,62,69,24,35,30,19,8,0.197776,0.220826,,0,0,0
HUERCAL-OVERA,ALMERIA,ALMERIA,Andalucía,1,2025Q3,0,18,17,33,5,19,11,14,1,0,0.0277998,0.0305206,,0,0,0
PURCHENA,ALMERIA,ALMERIA,Andalucía,1,2025Q3,0,79,30,87,17,34,13,48,0,5,0.0865766,0.05386,,0,0,0
ROQUETAS DE MAR,ALMERIA,ALMERIA,Andalucía,1,2025Q3,0,199,166,62,48,13,114,49,4,0,0.289913,0.298025,,0,0,0
VELEZ-RUBIO,ALMERIA,ALMERIA,Andalucía,1,2025Q3,0,3,5,35,0,19,4,11,1,5,0.00635425,0.00897666,,0,0,0
VERA,ALMERIA,ALMERIA,Andalucía,1,2025Q3,0,80,32,61,4,23,26,32,2,6,0.0889595,0.0574506,,0,0,0
AMURRIO,ARABA/ALAVA,ARABA/ALAVA,País Vasco,1,2025Q3,0,8,8,6,1,2,6,4,1,0,0.0669456,0.0629921,,0,0,0
VITORIA-GASTEIZ,ARABA/ALAVA,ARABA/ALAVA,País Vasco,3,2026Q1,0,104,119,437,27,150,91,280,1,7,0.933054,0.937008,,0,0,0
AVILES,ASTURIAS,ASTURIAS,Asturias (Principado de),3,2026Q1,0,56,80,158,13,38,62,105,5,15,0.114382,0.113636,,0,0,0
CANGAS DE NARCEA,ASTURIAS,ASTURIAS,Asturias (Principado de),1,2025Q3,0,6,3,0,0,0,2,0,1,0,0.00756939,0.00426136,,0,0,0
CANGAS DE ONIS,ASTURIAS,ASTURIAS,Asturias (Principado de),1,2025Q3,0,14,23,29,3,10,20,19,0,0,0.0311186,0.0326705,,0,0,0
CASTROPOL,ASTURIAS,ASTURIAS,Asturias (Principado de),1,2025Q3,0,6,1,4,0,0,0,4,1,0,0.0058873,0.00142045,,0,0,0
GIJON,ASTURIAS,ASTURIAS,Asturias (Principado de),3,2026Q1,0,101,145,120,10,12,123,103,12,5,0.206897,0.205966,,0,0,1
GRADO,ASTURIAS,ASTURIAS,Asturias (Principado de),1,2025Q3,0,2,9,24,0,3,8,21,1,0,0.00925147,0.0127841,,1,0,0
LANGREO,ASTURIAS,ASTURIAS,Asturias (Principado de),3,2026Q1,0,40,50,37,10,11,36,24,4,2,0.0756939,0.0710227,,0,0,0
LAVIANA,ASTURIAS,ASTURIAS,Asturias (Principado de),1,2025Q3,0,15,4,5,1,0,2,5,1,0,0.0159798,0.00568182,,0,0,0
LENA,ASTURIAS,ASTURIAS,Asturias (Principado de),1,2025Q3,0,8,15,14,5,2,7,6,3,6,0.019344,0.0213068,,0,0,0
LLANES,ASTURIAS,ASTURIAS,Asturias (Principado de),1,2025Q3,0,4,9,15,1,4,8,9,0,2,0.0109336,0.0127841,,0,0,0
MIERES,ASTURIAS,ASTURIAS,Asturias (Principado de),3,2026Q1,0,37,41,42,13,7,26,33,2,2,0.0656013,0.0582386,,0,0,0
OVIEDO,ASTURIAS,ASTURIAS,Asturias (Principado de),3,2026Q1,0,152,232,141,17,20,209,116,6,5,0.32296,0.329545,,0,0,0
PILOÑA,ASTURIAS,ASTURIAS,Asturias (Principado de),1,2025Q3,0,2,3,1,1,0,2,1,0,0,0.00420521,0.00426136,,1,0,0
PRAVIA,ASTURIAS,ASTURIAS,Asturias (Principado de),1,2025Q3,0,6,3,9,1,0,2,9,0,0,0.00756939,0.00426136,,0,0,0
SIERO,ASTURIAS,ASTURIAS,Asturias (Principado de),1,2025Q3,0,21,69,49,9,9,58,39,2,1,0.0756939,0.0980114,,0,0,0
TINEO,ASTURIAS,ASTURIAS,Asturias (Principado de),1,2025Q3,0,0,2,5,0,1,2,3,0,1,0.00168209,0.00284091,,0,0,0
VALDES,ASTURIAS,ASTURIAS,Asturias (Principado de),1,2025Q3,0,6,3,3,0,0,1,3,2,0,0.00756939,0.00426136,,0,0,0
VILLAVICIOSA,ASTURIAS,ASTURIAS,Asturias (Principado de),1,2025Q3,0,9,12,8,4,1,3,5,5,2,0.0176619,0.0170455,,0,0,0
ARENAS DE SAN PEDRO,AVILA,AVILA,Castilla y León,1,2025Q3,0,22,21,9,2,4,15,4,4,1,0.333333,0.272727,,1,0,0
AREVALO,AVILA,AVILA,Castilla y León,1,2025Q3,0,1,7,1,0,0,6,0,1,1,0.0620155,0.0909091,,0,0,0
AVILA,AVILA,AVILA,Castilla y León,3,2026Q1,0,29,46,28,12,4,33,20,1,4,0.581395,0.597403,,0,0,0
PIEDRAHITA,AVILA,AVILA,Castilla y León,1,2025Q3,0,0,3,4,0,1,3,3,0,0,0.0232558,0.038961,,1,0,0
ALMENDRALEJO,BADAJOZ,BADAJOZ,Extremadura,1,2025Q3,0,28,22,34,1,12,18,18,3,4,0.136612,0.134146,,1,0,0
BADAJOZ,BADAJOZ,BADAJOZ,Extremadura,3,2026Q1,1,44,51,55,4,2,42,49,5,4,0.259563,0.310976,,0,0,0
CASTUERA,BADAJOZ,BADAJOZ,Extremadura,1,2025Q3,0,2,7,7,1,1,3,4,3,2,0.0245902,0.0426829,,1,0,0
DON BENITO,BADAJOZ,BADAJOZ,Extremadura,3,2026Q1,1,28,13,13,1,1,12,10,0,2,0.112022,0.0792683,,0,0,0
FREGENAL DE LA SIERRA,BADAJOZ,BADAJOZ,Extremadura,1,2025Q3,0,3,3,13,1,4,1,9,1,0,0.0163934,0.0182927,,1,0,0
HERRERA DEL DUQUE,BADAJOZ,BADAJOZ,Extremadura,1,2025Q3,0,1,1,8,1,2,0,6,0,0,0.00546448,0.00609756,,0,0,0
JEREZ DE LOS CABALLEROS,BADAJOZ,BADAJOZ,Extremadura,1,2025Q3,0,13,0,6,0,1,0,5,0,0,0.0355191,0,,0,0,0
LLERENA,BADAJOZ,BADAJOZ,Extremadura,1,2025Q3,0,8,1,4,0,0,1,2,0,2,0.0245902,0.00609756,,0,0,0
MERIDA,BADAJOZ,BADAJOZ,Extremadura,3,2026Q1,1,33,22,32,3,9,18,17,1,6,0.150273,0.134146,,0,0,0
MONTIJO,BADAJOZ,BADAJOZ,Extremadura,1,2025Q3,0,4,4,15,3,8,1,0,0,7,0.0218579,0.0243902,,0,0,0
OLIVENZA,BADAJOZ,BADAJOZ,Extremadura,1,2025Q3,0,17,25,28,8,8,12,15,5,5,0.114754,0.152439,,0,0,0
VILLAFRANCA DE LOS BARROS,BADAJOZ,BADAJOZ,Extremadura,1,2025Q3,0,1,3,6,1,2,2,4,0,0,0.010929,0.0182927,,0,0,0
VILLANUEVA DE LA SERENA,BADAJOZ,BADAJOZ,Extremadura,1,2025Q3,0,13,4,30,0,2,4,27,0,1,0.0464481,0.0243902,,0,0,0
ZAFRA,BADAJOZ,BADAJOZ,Extremadura,1,2025Q3,0,7,8,9,1,3,7,6,0,0,0.0409836,0.0487805,,1,0,0
ARENYS DE MAR,BARCELONA,BARCELONA,Cataluña,3,2026Q1,0,135,122,198,10,28,112,150,0,20,0.0257,0.0237354,,0,0,0
BADALONA,BARCELONA,BARCELONA,Cataluña,2,2025Q4,0,257,402,275,21,36,329,202,52,37,0.0659,0.0782101,,0,0,0
BARCELONA,BARCELONA,BARCELONA,Cataluña,3,2026Q1,0,1255,1331,1373,84,127,1102,1102,145,144,0.2586,0.258949,,0,0,0
BERGA,BARCELONA,BARCELONA,Cataluña,1,2025Q3,0,11,14,10,1,3,10,7,3,0,0.0025,0.00272374,,1,0,0
CERDANYOLA DEL VALLES,BARCELONA,BARCELONA,Cataluña,1,2025Q3,0,99,134,87,52,32,81,54,1,1,0.0233,0.02607,,0,0,0
CORNELLA DE LLOBREGAT,BARCELONA,BARCELONA,Cataluña,1,2025Q3,0,55,48,64,7,3,41,61,0,0,0.0103,0.00933852,,1,0,0
EL PRAT DE LLOBREGAT,BARCELONA,BARCELONA,Cataluña,1,2025Q3,0,26,5,11,2,0,1,10,2,1,0.0031,0.000972763,,0,0,0
ESPLUGUES DE LLOBREGAT,BARCELONA,BARCELONA,Cataluña,1,2025Q3,0,34,23,50,7,19,15,27,1,4,0.0057,0.00447471,,0,0,0
GAVA,BARCELONA,BARCELONA,Cataluña,1,2025Q3,0,135,116,65,21,11,93,54,2,0,0.0251,0.0225681,,0,0,0
GRANOLLERS,BARCELONA,BARCELONA,Cataluña,3,2026Q1,0,297,265,234,36,34,209,179,20,21,0.0562,0.0515564,,0,0,0
IGUALADA,BARCELONA,BARCELONA,Cataluña,1,2025Q3,0,53,71,53,12,13,59,22,0,18,0.0124,0.0138132,,0,0,0
L'HOSPITALET DE LLOBREGAT,BARCELONA,BARCELONA,Cataluña,2,2025Q4,0,312,272,280,19,26,214,220,39,34,0.0584,0.0529183,,0,0,0
MANRESA,BARCELONA,BARCELONA,Cataluña,3,2026Q1,0,312,273,249,36,33,218,198,19,18,0.0585,0.0531128,,0,0,0
MARTORELL,BARCELONA,BARCELONA,Cataluña,1,2025Q3,0,76,94,93,17,19,71,69,6,5,0.017,0.0182879,,0,0,0
MATARO,BARCELONA,BARCELONA,Cataluña,3,2026Q1,0,264,283,272,35,34,191,179,57,59,0.0547,0.0550584,,0,0,0
MOLLET DEL VALLES,BARCELONA,BARCELONA,Cataluña,1,2025Q3,0,89,50,36,8,6,40,28,2,2,0.0139,0.00972763,,0,0,0
RUBI,BARCELONA,BARCELONA,Cataluña,1,2025Q3,0,142,158,90,13,9,124,72,21,9,0.03,0.0307393,,1,0,0
SABADELL,BARCELONA,BARCELONA,Cataluña,3,2026Q1,0,322,486,479,139,122,320,343,27,14,0.0808,0.0945525,,0,0,0
SANT BOI DE LLOBREGAT,BARCELONA,BARCELONA,Cataluña,1,2025Q3,0,68,81,59,7,10,74,39,0,10,0.0149,0.0157588,,0,0,0
SANT FELIU DE LLOBREGAT,BARCELONA,BARCELONA,Cataluña,1,2025Q3,0,79,96,78,11,7,82,59,3,12,0.0175,0.018677,,0,0,0
SANTA COLOMA DE GRAMENET,BARCELONA,BARCELONA,Cataluña,1,2025Q3,0,81,101,63,20,16,81,40,0,7,0.0182,0.0196498,,0,0,0
TERRASSA,BARCELONA,BARCELONA,Cataluña,3,2026Q1,0,352,393,503,45,72,257,354,91,77,0.0745,0.0764591,,0,0,0
VIC,BARCELONA,BARCELONA,Cataluña,1,2025Q3,0,125,129,70,25,5,100,60,4,5,0.0254,0.0250973,,0,0,0
VILAFRANCA DEL PENEDES,BARCELONA,BARCELONA,Cataluña,1,2025Q3,0,178,88,56,8,12,80,40,0,4,0.0266,0.0171206,,0,0,0
VILANOVA I LA GELTRU,BARCELONA,BARCELONA,Cataluña,3,2026Q1,0,103,105,152,29,30,62,110,14,12,0.0208,0.020428,,0,0,0
BALMASEDA,BIZKAIA,BIZKAIA,País Vasco,1,2025Q3,0,9,21,8,5,2,15,6,1,0,0.0451807,0.0606936,,0,0,0
BARAKALDO,BIZKAIA,BIZKAIA,País Vasco,3,2026Q1,0,71,73,70,2,0,71,70,0,0,0.216867,0.210983,,0,0,0
BILBAO,BIZKAIA,BIZKAIA,País Vasco,3,2026Q1,0,180,207,253,21,28,161,201,25,24,0.582831,0.598266,,0,0,0
DURANGO,BIZKAIA,BIZKAIA,País Vasco,1,2025Q3,0,10,6,5,0,0,6,3,0,2,0.0240964,0.017341,,0,0,0
GERNIKA-LUMO,BIZKAIA,BIZKAIA,País Vasco,1,2025Q3,0,10,12,7,6,0,3,6,3,1,0.0331325,0.0346821,,0,0,0
GETXO,BIZKAIA,BIZKAIA,País Vasco,1,2025Q3,0,38,27,17,1,6,26,11,0,0,0.0978916,0.0780347,,0,0,0
ARANDA DE DUERO,BURGOS,BURGOS,Castilla y León,1,2025Q3,0,20,9,8,1,1,8,6,0,1,0.0723192,0.0497238,,0,0,0
BRIVIESCA,BURGOS,BURGOS,Castilla y León,1,2025Q3,0,7,5,3,2,0,2,2,1,1,0.0299252,0.0276243,,0,0,0
BURGOS,BURGOS,BURGOS,Castilla y León,3,2026Q1,1,131,124,116,19,34,93,70,12,12,0.63591,0.685083,,0,0,0
LERMA,BURGOS,BURGOS,Castilla y León,1,2025Q3,0,0,0,4,0,1,0,3,0,0,0,0,,1,0,0
MIRANDA DE EBRO,BURGOS,BURGOS,Castilla y León,1,2025Q3,0,43,27,11,7,2,19,9,1,0,0.174564,0.149171,,1,0,0
SALAS DE LOS INFANTES,BURGOS,BURGOS,Castilla y León,1,2025Q3,0,1,0,10,0,3,0,4,0,3,0.00249377,0,,0,0,0
VILLARCAYO DE MERINDAD DE CASTILLA LA VIEJA,BURGOS,BURGOS,Castilla y León,1,2025Q3,0,18,16,9,2,1,13,8,1,0,0.084788,0.0883978,,1,0,0
CACERES,CACERES,CACERES,Extremadura,3,2026Q1,1,30,47,20,9,0,36,18,2,2,0.420765,0.447619,,0,0,0
CORIA,CACERES,CACERES,Extremadura,1,2025Q3,0,16,12,18,1,3,10,15,1,0,0.153005,0.114286,,0,0,0
LOGROSAN,CACERES,CACERES,Extremadura,1,2025Q3,0,0,0,0,0,0,0,0,0,0,0,0,,0,0,0
NAVALMORAL DE LA MATA,CACERES,CACERES,Extremadura,1,2025Q3,0,8,13,18,2,8,10,9,1,1,0.114754,0.12381,,0,0,0
PLASENCIA,CACERES,CACERES,Extremadura,3,2026Q1,1,13,29,44,5,10,20,30,4,4,0.229508,0.27619,,0,0,0
TRUJILLO,CACERES,CACERES,Extremadura,1,2025Q3,0,2,3,6,0,1,3,5,0,0,0.0273224,0.0285714,,0,0,0
VALENCIA DE ALCANTARA,CACERES,CACERES,Extremadura,1,2025Q3,0,9,1,4,0,0,0,4,1,0,0.0546448,0.00952381,,0,0,0
ALGECIRAS,CADIZ,CADIZ,Andalucía,3,2026Q1,0,72,95,102,25,21,70,75,0,6,0.147007,0.163511,,0,0,0
ARCOS DE LA FRONTERA,CADIZ,CADIZ,Andalucía,1,2025Q3,0,33,28,25,17,5,9,19,2,1,0.0536972,0.0481928,,0,0,0
BARBATE,CADIZ,CADIZ,Andalucía,1,2025Q3,0,13,8,7,1,0,6,7,1,0,0.0184859,0.0137694,,1,0,0
CADIZ,CADIZ,CADIZ,Andalucía,3,2026Q1,0,76,78,85,8,20,70,65,0,0,0.135563,0.134251,,0,0,0
CHICLANA DE LA FRONTERA,CADIZ,CADIZ,Andalucía,1,2025Q3,0,22,21,12,9,0,11,8,1,4,0.0378521,0.0361446,,1,0,0
EL PUERTO DE SANTA MARIA,CADIZ,CADIZ,Andalucía,3,2026Q1,0,30,56,44,15,16,39,26,2,2,0.0757042,0.0963855,,0,0,0
JEREZ DE LA FRONTERA,CADIZ,CADIZ,Andalucía,3,2026Q1,0,83,85,73,23,9,54,57,8,7,0.147887,0.146299,,0,0,0
LA LINEA DE LA CONCEPCION,CADIZ,CADIZ,Andalucía,1,2025Q3,0,35,12,8,0,0,12,8,0,0,0.0413732,0.020654,,1,1,0
PUERTO REAL,CADIZ,CADIZ,Andalucía,1,2025Q3,0,5,6,5,2,1,4,3,0,1,0.0096831,0.010327,,0,0,0
ROTA,CADIZ,CADIZ,Andalucía,1,2025Q3,0,9,11,7,3,3,6,3,2,1,0.0176056,0.0189329,,1,0,0
SAN FERNANDO,CADIZ,CADIZ,Andalucía,1,2025Q3,0,46,42,20,9,1,33,18,0,1,0.0774648,0.0722892,,0,0,0
SAN ROQUE,CADIZ,CADIZ,Andalucía,1,2025Q3,0,23,25,18,8,4,15,10,2,4,0.0422535,0.0430293,,1,0,0
SANLUCAR DE BARRAMEDA,CADIZ,CADIZ,Andalucía,1,2025Q3,0,57,52,30,21,15,28,15,3,0,0.0959507,0.0895009,,1,0,0
UBRIQUE,CADIZ,CADIZ,Andalucía,1,2025Q3,0,22,36,23,22,7,14,14,0,2,0.0510563,0.0619621,,1,1,0
CASTRO-URDIALES,CANTABRIA,CANTABRIA,Cantabria,1,2025Q3,0,22,17,17,2,3,13,14,2,0,0.0955882,0.0661479,,1,0,0
LAREDO,CANTABRIA,CANTABRIA,Cantabria,1,2025Q3,0,18,20,9,6,1,13,7,1,1,0.0931373,0.077821,,0,0,0
MEDIO CUDEYO,CANTABRIA,CANTABRIA,Cantabria,1,2025Q3,0,6,10,9,4,2,6,6,0,1,0.0392157,0.0389105,,1,0,0
REINOSA,CANTABRIA,CANTABRIA,Cantabria,1,2025Q3,0,7,5,2,0,0,4,2,1,0,0.0294118,0.0194553,,0,0,0
SAN VICENTE DE LA BARQUERA,CANTABRIA,CANTABRIA,Cantabria,1,2025Q3,0,2,3,0,0,0,2,0,1,0,0.0122549,0.0116732,,0,0,0
SANTANDER,CANTABRIA,CANTABRIA,Cantabria,3,2026Q1,0,48,127,87,11,10,105,71,11,6,0.428922,0.494163,,0,0,0
SANTOÑA,CANTABRIA,CANTABRIA,Cantabria,1,2025Q3,0,12,11,16,3,4,8,11,0,1,0.0563725,0.0428016,,1,0,0
TORRELAVEGA,CANTABRIA,CANTABRIA,Cantabria,1,2025Q3,0,36,64,26,8,4,56,22,0,0,0.245098,0.249027,,1,0,0
CASTELLON DE LA PLANA/CASTELLO DE LA PLANA,CASTELLON,CASTELLON,Comunidad Valenciana,3,2026Q1,0,170,203,152,70,39,127,112,6,1,0.451574,0.482185,,0,0,0
NULES,CASTELLON,CASTELLON,Comunidad Valenciana,1,2025Q3,0,48,37,25,14,6,22,18,1,1,0.102906,0.087886,,0,0,0
SEGORBE,CASTELLON,CASTELLON,Comunidad Valenciana,1,2025Q3,0,12,31,13,10,2,19,11,2,0,0.0520581,0.0736342,,0,0,0
VILLARREAL/VILA-REAL,CASTELLON,CASTELLON,Comunidad Valenciana,1,2025Q3,0,68,50,24,19,6,29,18,2,0,0.142857,0.118765,,0,0,0
VINAROS,CASTELLON,CASTELLON,Comunidad Valenciana,3,2026Q1,0,107,100,81,42,17,56,63,2,1,0.250605,0.23753,,0,0,1
CEUTA,CEUTA,CADIZ,Ceuta,3,2026Q1,1,29,26,25,1,6,24,15,1,4,0.0484155,0.0447504,,0,0,0
ALCAZAR DE SAN JUAN,CIUDAD REAL,CIUDAD REAL,Castilla-La Mancha,1,2025Q3,0,21,15,18,1,1,12,8,2,9,0.157895,0.107914,,0,0,0
ALMADEN,CIUDAD REAL,CIUDAD REAL,Castilla-La Mancha,1,2025Q3,0,0,0,44,0,3,0,40,0,1,0,0,,1,0,0
ALMAGRO,CIUDAD REAL,CIUDAD REAL,Castilla-La Mancha,1,2025Q3,0,2,9,45,4,13,5,25,0,7,0.0482456,0.0647482,,1,0,0
CIUDAD REAL,CIUDAD REAL,CIUDAD REAL,Castilla-La Mancha,3,2026Q1,1,27,42,75,21,13,14,46,7,16,0.302632,0.302158,,0,0,0
DAIMIEL,CIUDAD REAL,CIUDAD REAL,Castilla-La Mancha,1,2025Q3,0,3,6,9,1,1,4,6,1,2,0.0394737,0.0431655,,1,0,0
MANZANARES,CIUDAD REAL,CIUDAD REAL,Castilla-La Mancha,1,2025Q3,0,4,4,8,0,2,2,6,2,0,0.0350877,0.028777,,1,0,0
PUERTOLLANO,CIUDAD REAL,CIUDAD REAL,Castilla-La Mancha,1,2025Q3,0,14,17,19,4,5,10,14,3,0,0.135965,0.122302,,0,0,0
TOMELLOSO,CIUDAD REAL,CIUDAD REAL,Castilla-La Mancha,1,2025Q3,0,15,39,56,13,17,26,23,0,16,0.236842,0.280576,,0,0,0
VALDEPEÑAS,CIUDAD REAL,CIUDAD REAL,Castilla-La Mancha,1,2025Q3,0,3,7,11,0,3,7,1,0,7,0.0438596,0.0503597,,0,0,0
VILLANUEVA DE LOS INFANTES,CIUDAD REAL,CIUDAD REAL,Castilla-La Mancha,1,2025Q3,0,0,0,4,0,1,0,1,0,2,0,0,,0,0,0
AGUILAR DE LA FRONTERA,CORDOBA,CORDOBA,Andalucía,1,2025Q3,0,1,5,5,1,0,4,2,0,3,0.0132743,0.0206612,,0,0,0
BAENA,CORDOBA,CORDOBA,Andalucía,1,2025Q3,0,11,5,4,3,0,2,4,0,0,0.0353982,0.0206612,,0,0,0
CABRA,CORDOBA,CORDOBA,Andalucía,1,2025Q3,0,14,18,7,4,3,14,4,0,0,0.0707965,0.0743802,,0,0,0
CORDOBA,CORDOBA,CORDOBA,Andalucía,3,2026Q1,0,108,99,93,26,19,61,66,12,8,0.457965,0.409091,,0,0,0
LUCENA,CORDOBA,CORDOBA,Andalucía,1,2025Q3,0,25,40,15,11,9,27,6,2,0,0.143805,0.165289,,0,0,0
MONTILLA,CORDOBA,CORDOBA,Andalucía,1,2025Q3,0,9,5,7,5,1,0,3,0,3,0.0309735,0.0206612,,0,0,0
MONTORO,CORDOBA,CORDOBA,Andalucía,1,2025Q3,0,11,13,9,2,4,5,1,6,4,0.0530973,0.053719,,0,0,0
PEÑARROYA-PUEBLONUEVO,CORDOBA,CORDOBA,Andalucía,1,2025Q3,0,4,7,11,4,3,3,6,0,2,0.0243363,0.0289256,,0,0,0
POSADAS,CORDOBA,CORDOBA,Andalucía,1,2025Q3,0,12,16,21,8,5,7,15,1,1,0.0619469,0.0661157,,0,0,0
POZOBLANCO,CORDOBA,CORDOBA,Andalucía,1,2025Q3,0,2,4,1,0,0,4,1,0,0,0.0132743,0.0165289,,0,0,0
PRIEGO DE CORDOBA,CORDOBA,CORDOBA,Andalucía,1,2025Q3,0,8,7,6,6,2,1,4,0,0,0.0331858,0.0289256,,0,0,0
PUENTE GENIL,CORDOBA,CORDOBA,Andalucía,1,2025Q3,0,5,23,40,11,14,9,19,3,7,0.0619469,0.0950413,,0,0,0
CUENCA,CUENCA,CUENCA,Castilla-La Mancha,3,2026Q1,1,15,21,47,1,5,18,40,2,2,0.473684,0.477273,,1,0,0
MOTILLA DEL PALANCAR,CUENCA,CUENCA,Castilla-La Mancha,1,2025Q3,0,2,3,3,0,2,3,0,0,1,0.0657895,0.0681818,,1,0,0
SAN CLEMENTE,CUENCA,CUENCA,Castilla-La Mancha,1,2025Q3,0,2,2,25,0,3,2,22,0,0,0.0526316,0.0454545,,0,0,0
TARANCON,CUENCA,CUENCA,Castilla-La Mancha,1,2025Q3,0,13,18,23,5,9,13,10,0,4,0.407895,0.409091,,0,0,0
AZPEITIA,GIPUZKOA,GIPUZKOA,País Vasco,1,2025Q3,0,6,8,4,0,0,7,4,1,0,0.0469799,0.0592593,,0,0,0
BERGARA,GIPUZKOA,GIPUZKOA,País Vasco,1,2025Q3,0,19,19,15,3,1,16,13,0,1,0.127517,0.140741,,0,0,0
DONOSTIA-SAN SEBASTIAN,GIPUZKOA,GIPUZKOA,País Vasco,3,2026Q1,0,76,42,57,3,8,39,49,0,0,0.395973,0.311111,,0,0,1
EIBAR,GIPUZKOA,GIPUZKOA,País Vasco,3,2026Q1,0,5,13,24,0,6,13,15,0,3,0.0604027,0.0962963,,0,0,0
IRUN,GIPUZKOA,GIPUZKOA,País Vasco,1,2025Q3,0,30,42,23,9,3,33,19,0,1,0.241611,0.311111,,1,0,0
TOLOSA,GIPUZKOA,GIPUZKOA,País Vasco,1,2025Q3,0,27,11,9,0,1,11,8,0,0,0.127517,0.0814815,,1,0,0
BLANES,GIRONA,GIRONA,Cataluña,1,2025Q3,0,68,131,57,28,13,102,44,1,0,0.0929907,0.119635,,0,0,0
FIGUERES,GIRONA,GIRONA,Cataluña,3,2026Q1,0,255,295,332,65,62,221,256,9,14,0.257009,0.269406,,0,0,0
GIRONA,GIRONA,GIRONA,Cataluña,3,2026Q1,0,276,308,363,50,50,218,269,40,44,0.272897,0.281279,,0,0,0
LA BISBAL D'EMPORDA,GIRONA,GIRONA,Cataluña,1,2025Q3,0,86,87,64,16,15,68,44,3,5,0.0808411,0.0794521,,0,0,0
OLOT,GIRONA,GIRONA,Cataluña,1,2025Q3,0,13,37,12,6,4,30,6,1,2,0.0233645,0.03379,,0,0,0
PUIGCERDA,GIRONA,GIRONA,Cataluña,1,2025Q3,0,29,28,16,7,5,21,11,0,0,0.0266355,0.0255708,,0,0,0
RIPOLL,GIRONA,GIRONA,Cataluña,1,2025Q3,0,18,9,14,1,0,5,3,3,11,0.0126168,0.00821918,,0,0,0
SANT FELIU DE GUIXOLS,GIRONA,GIRONA,Cataluña,1,2025Q3,0,91,75,41,9,12,61,28,5,1,0.0775701,0.0684932,,0,0,0
SANTA COLOMA DE FARNERS,GIRONA,GIRONA,Cataluña,1,2025Q3,0,209,125,60,58,24,59,36,8,0,0.156075,0.114155,,0,0,0
ALMUÑECAR,GRANADA,GRANADA,Andalucía,1,2025Q3,0,19,35,18,20,3,14,15,1,0,0.0672478,0.104167,,0,0,0
BAZA,GRANADA,GRANADA,Andalucía,1,2025Q3,0,12,9,10,1,3,8,6,0,1,0.0261519,0.0267857,,0,0,0
GRANADA,GRANADA,GRANADA,Andalucía,3,2026Q1,0,213,156,178,19,28,126,136,11,14,0.459527,0.464286,,0,0,0
GUADIX,GRANADA,GRANADA,Andalucía,1,2025Q3,0,7,15,28,1,21,12,6,2,1,0.0273973,0.0446429,,0,0,0
HUESCAR,GRANADA,GRANADA,Andalucía,1,2025Q3,0,10,8,10,2,4,6,4,0,2,0.0224159,0.0238095,,0,0,0
LOJA,GRANADA,GRANADA,Andalucía,1,2025Q3,0,27,12,14,7,10,5,4,0,0,0.0485679,0.0357143,,0,0,0
MOTRIL,GRANADA,GRANADA,Andalucía,3,2026Q1,0,70,42,42,17,6,19,32,6,4,0.139477,0.125,,0,0,0
ORGIVA,GRANADA,GRANADA,Andalucía,1,2025Q3,0,10,4,9,1,1,2,7,1,1,0.0174346,0.0119048,,0,0,0
SANTA FE,GRANADA,GRANADA,Andalucía,1,2025Q3,0,99,55,20,25,6,25,13,5,1,0.191781,0.16369,,0,0,0
GUADALAJARA,GUADALAJARA,GUADALAJARA,Castilla-La Mancha,3,2026Q1,1,218,211,90,23,16,188,70,0,4,0.970588,0.96347,,0,0,0
MOLINA DE ARAGON,GUADALAJARA,GUADALAJARA,Castilla-La Mancha,1,2025Q3,0,2,0,10,0,6,0,4,0,0,0.00452489,0,,0,0,0
SIGÜENZA,GUADALAJARA,GUADALAJARA,Castilla-La Mancha,1,2025Q3,0,3,8,15,1,1,7,14,0,0,0.0248869,0.0365297,,0,0,0
ARACENA,HUELVA,HUELVA,Andalucía,1,2025Q3,0,13,16,17,1,8,15,9,0,0,0.0468498,0.0561404,,0,0,0
AYAMONTE,HUELVA,HUELVA,Andalucía,1,2025Q3,0,76,95,74,37,29,57,43,1,2,0.276252,0.333333,,0,0,0
HUELVA,HUELVA,HUELVA,Andalucía,3,2026Q1,0,153,94,114,35,32,57,74,2,8,0.399031,0.329825,,0,0,0
LA PALMA DEL CONDADO,HUELVA,HUELVA,Andalucía,1,2025Q3,0,27,33,17,12,8,16,8,5,1,0.0969305,0.115789,,0,0,0
MOGUER,HUELVA,HUELVA,Andalucía,1,2025Q3,0,35,42,18,18,5,21,8,3,5,0.124394,0.147368,,0,0,0
VALVERDE DEL CAMINO,HUELVA,HUELVA,Andalucía,1,2025Q3,0,30,5,6,2,2,3,4,0,0,0.0565428,0.0175439,,0,0,0
BARBASTRO,HUESCA,HUESCA,Aragón,1,2025Q3,0,6,11,8,1,0,10,8,0,0,0.0553746,0.068323,,0,0,0
BOLTAÑA,HUESCA,HUESCA,Aragón,1,2025Q3,0,7,3,9,1,2,2,6,0,1,0.0325733,0.0186335,,0,0,0
FRAGA,HUESCA,HUESCA,Aragón,1,2025Q3,0,29,26,13,4,4,20,7,2,2,0.179153,0.161491,,0,0,0
HUESCA,HUESCA,HUESCA,Aragón,3,2026Q1,0,40,64,45,14,7,49,38,1,0,0.338762,0.397516,,0,0,0
JACA,HUESCA,HUESCA,Aragón,1,2025Q3,0,16,14,12,2,3,12,5,0,4,0.0977199,0.0869565,,0,0,0
MONZÓN,HUESCA,HUESCA,Aragón,1,2025Q3,0,48,43,22,10,8,31,13,2,1,0.296417,0.267081,,0,0,0
CIUTADELLA DE MENORCA,ILLES BALEARS,ILLES BALEARS,Balears (Illes),3,2026Q1,1,15,4,41,1,4,2,32,1,5,0.0107955,0.00454545,,0,0,0
EIVISSA,ILLES BALEARS,ILLES BALEARS,Balears (Illes),3,2026Q1,1,192,177,147,5,8,160,133,12,6,0.209659,0.201136,,0,0,0
INCA,ILLES BALEARS,ILLES BALEARS,Balears (Illes),2,2025Q4,0,105,82,150,16,12,61,131,5,7,0.10625,0.0931818,,0,0,0
MANACOR,ILLES BALEARS,ILLES BALEARS,Balears (Illes),2,2025Q4,0,139,100,82,15,15,78,66,7,1,0.135795,0.113636,,0,0,0
MAO-MAHON,ILLES BALEARS,ILLES BALEARS,Balears (Illes),3,2026Q1,1,39,56,39,5,6,51,30,0,3,0.0539773,0.0636364,,0,0,0
PALMA,ILLES BALEARS,ILLES BALEARS,Balears (Illes),3,2026Q1,1,390,461,402,54,43,393,336,14,23,0.483523,0.523864,,0,0,0
ALCALA LA REAL,JAEN,JAEN,Andalucía,1,2025Q3,0,18,9,10,5,2,3,8,1,0,0.0833333,0.0612245,,0,0,0
ANDUJAR,JAEN,JAEN,Andalucía,1,2025Q3,0,23,10,14,2,6,8,8,0,0,0.101852,0.0680272,,0,0,0
BAEZA,JAEN,JAEN,Andalucía,1,2025Q3,0,5,11,12,6,0,4,12,1,0,0.0493827,0.0748299,,0,0,0
CAZORLA,JAEN,JAEN,Andalucía,1,2025Q3,0,4,4,0,2,0,2,0,0,0,0.0246914,0.0272109,,0,0,0
JAEN,JAEN,JAEN,Andalucía,3,2026Q1,0,25,33,38,8,14,20,21,5,3,0.179012,0.22449,,0,0,0
LA CAROLINA,JAEN,JAEN,Andalucía,1,2025Q3,0,5,9,17,0,2,9,15,0,0,0.0432099,0.0612245,,0,0,0
LINARES,JAEN,JAEN,Andalucía,1,2025Q3,0,63,38,45,15,16,19,28,4,1,0.311728,0.258503,,0,0,0
MARTOS,JAEN,JAEN,Andalucía,1,2025Q3,0,0,5,4,0,2,5,2,0,0,0.0154321,0.0340136,,1,0,0
UBEDA,JAEN,JAEN,Andalucía,1,2025Q3,0,25,26,41,10,15,10,24,6,2,0.157407,0.176871,,1,0,0
VILLACARRILLO,JAEN,JAEN,Andalucía,1,2025Q3,0,9,2,47,1,2,1,45,0,0,0.0339506,0.0136054,,0,0,0
CALAHORRA,LA RIOJA,LA RIOJA,Rioja (La),1,2025Q3,0,23,22,12,5,4,15,6,2,2,0.137615,0.127168,,1,0,0
HARO,LA RIOJA,LA RIOJA,Rioja (La),1,2025Q3,0,5,7,6,2,2,3,4,2,0,0.0366972,0.0404624,,0,0,0
LOGROÑO,LA RIOJA,LA RIOJA,Rioja (La),3,2026Q1,0,126,144,110,15,13,116,87,13,10,0.825688,0.83237,,0,0,0
ARRECIFE,LAS PALMAS,LAS PALMAS,Canarias,3,2026Q1,0,170,177,163,36,21,137,129,4,13,0.18292,0.21147,,0,0,0
ARUCAS,LAS PALMAS,LAS PALMAS,Canarias,1,2025Q3,0,61,29,19,7,6,22,12,0,1,0.0474433,0.0346476,,0,0,0
LAS PALMAS DE GRAN CANARIA,LAS PALMAS,LAS PALMAS,Canarias,3,2026Q1,0,221,198,220,9,24,174,186,15,10,0.220875,0.236559,,0,0,0
PUERTO DEL ROSARIO,LAS PALMAS,LAS PALMAS,Canarias,3,2026Q1,0,239,142,188,31,28,87,145,24,15,0.200843,0.169654,,0,0,0
SAN BARTOLOME DE TIRAJANA,LAS PALMAS,LAS PALMAS,Canarias,2,2025Q4,0,238,140,110,15,12,118,94,7,4,0.199262,0.167264,,0,0,0
SANTA MARIA DE GUIA DE GRAN CANARIA,LAS PALMAS,LAS PALMAS,Canarias,3,2026Q1,0,29,58,35,10,10,38,24,10,1,0.0458619,0.0692951,,0,0,0
TELDE,LAS PALMAS,LAS PALMAS,Canarias,2,2025Q4,0,102,93,115,16,19,71,92,6,4,0.102794,0.111111,,0,0,0
ASTORGA,LEON,LEON,Castilla y León,1,2025Q3,0,16,11,9,1,5,8,4,2,0,0.0428571,0.0352564,,0,0,0
CISTIERNA,LEON,LEON,Castilla y León,1,2025Q3,0,2,4,4,2,1,2,1,0,2,0.00952381,0.0128205,,0,0,0
LA BAÑEZA,LEON,LEON,Castilla y León,1,2025Q3,0,5,7,9,1,1,6,7,0,1,0.0190476,0.0224359,,0,0,0
LEON,LEON,LEON,Castilla y León,3,2026Q1,1,238,218,167,42,12,153,136,23,19,0.72381,0.698718,,0,0,0
PONFERRADA,LEON,LEON,Castilla y León,3,2026Q1,1,52,69,57,7,4,57,49,5,4,0.192063,0.221154,,0,0,0
SAHAGUN,LEON,LEON,Castilla y León,1,2025Q3,0,4,3,0,0,0,1,0,2,0,0.0111111,0.00961538,,0,0,0
VILLABLINO,LEON,LEON,Castilla y León,1,2025Q3,0,1,0,0,0,0,0,0,0,0,0.0015873,0,,1,0,0
BALAGUER,LLEIDA,LLEIDA,Cataluña,1,2025Q3,0,70,48,29,12,5,29,20,7,4,0.138498,0.145455,,0,0,0
CERVERA,LLEIDA,LLEIDA,Cataluña,1,2025Q3,0,79,52,15,10,8,39,7,3,0,0.153756,0.157576,,0,0,0
LA SEU D'URGELL,LLEIDA,LLEIDA,Cataluña,1,2025Q3,0,22,22,5,2,4,20,0,0,1,0.0516432,0.0666667,,0,0,0
LLEIDA,LLEIDA,LLEIDA,Cataluña,3,2026Q1,0,261,142,132,19,19,105,99,18,14,0.473005,0.430303,,0,0,0
SOLSONA,LLEIDA,LLEIDA,Cataluña,1,2025Q3,0,23,15,8,1,3,13,5,1,0,0.0446009,0.0454545,,0,0,0
TREMP,LLEIDA,LLEIDA,Cataluña,1,2025Q3,0,49,27,9,8,2,12,5,7,2,0.0892019,0.0818182,,0,0,0
VIELHA E MIJARAN,LLEIDA,LLEIDA,Cataluña,1,2025Q3,0,18,24,4,9,2,15,2,0,0,0.0492958,0.0727273,,0,0,0
A FONSAGRADA,LUGO,LUGO,Galicia,1,2025Q3,0,0,1,16,0,1,1,15,0,0,0.00485437,0.0105263,,0,0,0
BECERREA,LUGO,LUGO,Galicia,1,2025Q3,0,2,1,2,1,2,0,0,0,0,0.0145631,0.0105263,,0,0,0
CHANTADA,LUGO,LUGO,Galicia,1,2025Q3,0,11,5,6,3,4,1,2,1,0,0.0776699,0.0526316,,0,0,0
LUGO,LUGO,LUGO,Galicia,3,2026Q1,0,38,42,39,9,8,32,28,1,3,0.38835,0.442105,,0,0,0
MONDOÑEDO,LUGO,LUGO,Galicia,1,2025Q3,0,16,16,6,4,0,12,3,0,3,0.15534,0.168421,,0,0,0
MONFORTE DE LEMOS,LUGO,LUGO,Galicia,1,2025Q3,0,13,15,7,2,1,12,6,1,0,0.135922,0.157895,,1,0,0
SARRIA,LUGO,LUGO,Galicia,1,2025Q3,0,2,0,2,0,0,0,2,0,0,0.00970874,0,,0,0,0
VILALBA,LUGO,LUGO,Galicia,1,2025Q3,0,21,10,7,1,1,8,4,1,2,0.150485,0.105263,,0,0,0
VIVEIRO,LUGO,LUGO,Galicia,1,2025Q3,0,8,5,13,0,2,4,11,1,0,0.0631068,0.0526316,,0,0,0
ALCALA DE HENARES,MADRID,MADRID,Madrid (Comunidad de),3,2026Q1,0,53,104,110,9,12,89,97,6,1,0.0306461,0.0377358,,0,0,0
ALCOBENDAS,MADRID,MADRID,Madrid (Comunidad de),2,2025Q4,0,77,95,57,1,2,93,52,1,3,0.0335741,0.0344702,,0,0,0
ALCORCON,MADRID,MADRID,Madrid (Comunidad de),1,2025Q3,0,53,55,24,6,1,45,21,4,2,0.0210814,0.0199565,,0,0,0
ARANJUEZ,MADRID,MADRID,Madrid (Comunidad de),1,2025Q3,0,47,28,11,3,4,25,7,0,0,0.0146399,0.0101597,,0,0,0
ARGANDA DEL REY,MADRID,MADRID,Madrid (Comunidad de),1,2025Q3,0,60,55,29,4,3,49,26,2,0,0.0224478,0.0199565,,0,0,0
COLLADO VILLALBA,MADRID,MADRID,Madrid (Comunidad de),1,2025Q3,0,36,45,27,9,2,34,24,2,1,0.015811,0.016328,,0,0,0
COLMENAR VIEJO,MADRID,MADRID,Madrid (Comunidad de),1,2025Q3,0,74,64,30,4,3,57,27,3,0,0.0269373,0.0232221,,0,0,0
COSLADA,MADRID,MADRID,Madrid (Comunidad de),1,2025Q3,0,36,27,12,2,1,24,11,1,0,0.0122975,0.00979681,,0,0,0
FUENLABRADA,MADRID,MADRID,Madrid (Comunidad de),2,2025Q4,0,32,45,31,12,5,32,23,1,3,0.0150303,0.016328,,0,0,0
GETAFE,MADRID,MADRID,Madrid (Comunidad de),3,2026Q1,0,45,46,32,0,3,45,26,1,3,0.017763,0.0166909,,0,0,0
LEGANES,MADRID,MADRID,Madrid (Comunidad de),1,2025Q3,0,47,62,29,9,3,51,25,2,1,0.0212766,0.0224964,,0,0,0
MADRID,MADRID,MADRID,Madrid (Comunidad de),3,2026Q1,0,1391,1577,1436,155,138,1393,1263,29,35,0.579348,0.572206,,0,0,0
MAJADAHONDA,MADRID,MADRID,Madrid (Comunidad de),1,2025Q3,0,21,39,16,5,2,33,13,1,1,0.0117119,0.0141509,,0,0,0
MOSTOLES,MADRID,MADRID,Madrid (Comunidad de),3,2026Q1,0,121,181,121,22,19,146,96,13,6,0.0589498,0.0656749,,0,0,0
NAVALCARNERO,MADRID,MADRID,Madrid (Comunidad de),1,2025Q3,0,35,59,35,5,4,50,29,4,2,0.0183486,0.0214078,,1,0,0
PARLA,MADRID,MADRID,Madrid (Comunidad de),1,2025Q3,0,49,66,25,13,2,51,22,2,1,0.0224478,0.0239478,,0,0,0
POZUELO DE ALARCON,MADRID,MADRID,Madrid (Comunidad de),1,2025Q3,0,19,36,21,5,5,29,16,2,0,0.0107359,0.0130624,,1,0,0
SAN LORENZO DE EL ESCORIAL,MADRID,MADRID,Madrid (Comunidad de),1,2025Q3,0,17,12,0,0,0,12,0,0,0,0.00566075,0.00435414,2025:drop_to_zero,0,0,0
TORREJON DE ARDOZ,MADRID,MADRID,Madrid (Comunidad de),2,2025Q4,0,79,82,48,13,15,63,30,6,3,0.0314269,0.0297533,,0,0,0
TORRELAGUNA,MADRID,MADRID,Madrid (Comunidad de),1,2025Q3,0,18,16,3,3,0,10,3,3,0,0.00663674,0.00580552,,0,0,0
VALDEMORO,MADRID,MADRID,Madrid (Comunidad de),1,2025Q3,0,57,62,35,13,4,44,27,5,4,0.0232286,0.0224964,,0,0,0
ANTEQUERA,MALAGA,MALAGA,Andalucía,1,2025Q3,0,51,18,14,4,8,11,6,3,0,0.028244,0.0149626,,0,0,0
ARCHIDONA,MALAGA,MALAGA,Andalucía,1,2025Q3,0,7,3,4,1,0,2,4,0,0,0.00409333,0.00249377,,1,0,0
COIN,MALAGA,MALAGA,Andalucía,1,2025Q3,0,32,22,43,2,18,19,17,1,8,0.022104,0.0182876,,0,0,0
ESTEPONA,MALAGA,MALAGA,Andalucía,1,2025Q3,0,133,128,85,20,23,108,62,0,0,0.106836,0.106401,,0,0,0
FUENGIROLA,MALAGA,MALAGA,Andalucía,2,2025Q4,0,100,111,125,11,18,86,101,14,6,0.0863692,0.0922693,,0,0,0
MALAGA,MALAGA,MALAGA,Andalucía,3,2026Q1,0,294,308,280,42,39,226,222,40,19,0.246418,0.256027,,0,0,0
MARBELLA,MALAGA,MALAGA,Andalucía,2,2025Q4,0,305,309,240,50,35,239,196,20,9,0.25133,0.256858,,0,0,0
RONDA,MALAGA,MALAGA,Andalucía,1,2025Q3,0,19,12,13,5,5,6,6,1,2,0.0126893,0.00997506,,0,0,0
TORREMOLINOS,MALAGA,MALAGA,Andalucía,2,2025Q4,0,176,195,157,35,30,154,120,6,7,0.151862,0.162095,,0,0,0
TORROX,MALAGA,MALAGA,Andalucía,1,2025Q3,0,13,14,27,2,7,12,20,0,0,0.011052,0.0116376,,1,0,0
VELEZ-MALAGA,MALAGA,MALAGA,Andalucía,1,2025Q3,0,51,43,80,7,34,34,31,2,15,0.0384773,0.035744,,0,0,0
MELILLA,MELILLA,MALAGA,Melilla,3,2026Q1,1,59,40,45,1,6,36,36,3,3,0.0405239,0.0332502,,0,0,0
CARAVACA DE LA CRUZ,MURCIA,MURCIA,Murcia (Región de),1,2025Q3,0,16,30,9,13,0,16,9,1,0,0.0232089,0.0249377,,0,0,0
CARTAGENA,MURCIA,MURCIA,Murcia (Región de),3,2026Q1,1,91,255,192,89,64,156,122,10,6,0.174571,0.21197,,0,0,0
CIEZA,MURCIA,MURCIA,Murcia (Región de),1,2025Q3,0,26,62,11,21,5,37,5,4,1,0.0443996,0.0515378,,0,0,0
JUMILLA,MURCIA,MURCIA,Murcia (Región de),1,2025Q3,0,11,7,1,4,0,2,1,1,0,0.00908174,0.00581879,,1,0,0
LORCA,MURCIA,MURCIA,Murcia (Región de),3,2026Q1,1,54,89,93,31,25,50,55,8,13,0.0721493,0.0739817,,0,0,0
MOLINA DE SEGURA,MURCIA,MURCIA,Murcia (Región de),1,2025Q3,0,80,116,54,26,19,71,32,19,3,0.09889,0.0964256,,0,0,0
MULA,MURCIA,MURCIA,Murcia (Región de),1,2025Q3,0,23,41,1,9,0,32,1,0,0,0.0322906,0.0340815,,0,0,0
MURCIA,MURCIA,MURCIA,Murcia (Región de),3,2026Q1,1,249,355,196,164,85,151,84,40,27,0.304743,0.295096,,0,0,0
SAN JAVIER,MURCIA,MURCIA,Murcia (Región de),1,2025Q3,0,135,140,79,38,14,94,59,8,6,0.138749,0.116376,,1,0,0
TOTANA,MURCIA,MURCIA,Murcia (Región de),1,2025Q3,0,90,100,25,27,4,64,18,9,3,0.0958628,0.0831255,,0,0,0
YECLA,MURCIA,MURCIA,Murcia (Región de),1,2025Q3,0,4,8,2,1,0,5,1,2,1,0.00605449,0.00665004,,0,0,0
AOIZ/AGOITZ,NAVARRA,NAVARRA,Navarra (Comunidad Foral de),1,2025Q3,0,20,5,4,2,2,3,2,0,0,0.0862069,0.0320513,,1,0,0
ESTELLA/LIZARRA,NAVARRA,NAVARRA,Navarra (Comunidad Foral de),1,2025Q3,0,4,12,2,1,0,11,2,0,0,0.0551724,0.0769231,,0,1,0
PAMPLONA/IRUÑA,NAVARRA,NAVARRA,Navarra (Comunidad Foral de),3,2026Q1,0,83,103,126,12,21,88,104,3,1,0.641379,0.660256,,0,0,0
TAFALLA,NAVARRA,NAVARRA,Navarra (Comunidad Foral de),1,2025Q3,0,5,18,9,2,1,14,7,2,1,0.0793103,0.115385,,0,0,0
TUDELA,NAVARRA,NAVARRA,Navarra (Comunidad Foral de),1,2025Q3,0,22,18,9,0,0,17,9,1,0,0.137931,0.115385,,0,0,0
A POBRA DE TRIVES,OURENSE,OURENSE,Galicia,1,2025Q3,0,0,4,0,0,0,3,0,1,0,0.0148699,0.0285714,,0,0,0
BANDE,OURENSE,OURENSE,Galicia,1,2025Q3,0,2,4,0,1,0,3,0,0,0,0.0223048,0.0285714,,0,0,0
CELANOVA,OURENSE,OURENSE,Galicia,1,2025Q3,0,5,5,3,0,0,5,3,0,0,0.0371747,0.0357143,,0,0,0
O BARCO DE VALDEORRAS,OURENSE,OURENSE,Galicia,1,2025Q3,0,20,10,3,4,0,6,3,0,0,0.111524,0.0714286,,0,0,0
O CARBALLIÑO,OURENSE,OURENSE,Galicia,1,2025Q3,0,11,10,5,0,1,9,4,1,0,0.0780669,0.0714286,,0,0,0
OURENSE,OURENSE,OURENSE,Galicia,3,2026Q1,0,82,92,125,5,10,83,107,4,8,0.64684,0.657143,,0,0,0
RIBADAVIA,OURENSE,OURENSE,Galicia,1,2025Q3,0,2,4,2944,0,749,4,1783,0,412,0.0223048,0.0285714,2025:jump,0,0,0
VERIN,OURENSE,OURENSE,Galicia,1,2025Q3,0,4,4,5,2,1,2,3,0,1,0.0297398,0.0285714,,0,0,0
XINZO DE LIMIA,OURENSE,OURENSE,Galicia,1,2025Q3,0,3,7,6,1,0,4,6,2,0,0.0371747,0.05,,1,0,0
CARRION DE LOS CONDES,PALENCIA,PALENCIA,Castilla y León,1,2025Q3,0,1,2,8,0,3,1,4,1,1,0.0179641,0.0253165,,1,0,0
CERVERA DE PISUERGA,PALENCIA,PALENCIA,Castilla y León,1,2025Q3,0,21,12,7,0,0,12,7,0,0,0.197605,0.151899,,1,0,0
PALENCIA,PALENCIA,PALENCIA,Castilla y León,3,2026Q1,1,66,65,46,18,9,43,28,4,9,0.784431,0.822785,,0,0,0
CALDAS DE REIS,PONTEVEDRA,PONTEVEDRA,Galicia,1,2025Q3,0,13,14,7,4,2,10,5,0,0,0.028632,0.0297872,,0,0,0
CAMBADOS,PONTEVEDRA,PONTEVEDRA,Galicia,1,2025Q3,0,36,31,17,10,2,20,15,1,0,0.0710498,0.0659574,,1,0,0
CANGAS,PONTEVEDRA,PONTEVEDRA,Galicia,1,2025Q3,0,32,25,3,8,0,16,2,1,1,0.0604454,0.0531915,,0,0,0
ESTRADA (A),PONTEVEDRA,PONTEVEDRA,Galicia,1,2025Q3,0,10,15,3,4,1,11,2,0,0,0.0265111,0.0319149,,0,0,0
LALIN,PONTEVEDRA,PONTEVEDRA,Galicia,1,2025Q3,0,38,44,24,12,5,32,19,0,0,0.0869565,0.093617,,0,0,0
MARIN,PONTEVEDRA,PONTEVEDRA,Galicia,1,2025Q3,0,28,14,5,1,0,11,2,2,3,0.0445387,0.0297872,,0,0,0
O PORRIÑO,PONTEVEDRA,PONTEVEDRA,Galicia,1,2025Q3,0,34,36,17,6,0,28,16,2,1,0.0742312,0.0765957,,0,0,0
PONTEAREAS,PONTEVEDRA,PONTEVEDRA,Galicia,1,2025Q3,0,45,24,16,9,4,14,12,1,0,0.0731707,0.0510638,,0,0,0
PONTEVEDRA,PONTEVEDRA,PONTEVEDRA,Galicia,3,2026Q1,0,37,30,16,2,1,27,13,1,2,0.0710498,0.0638298,,0,0,0
REDONDELA,PONTEVEDRA,PONTEVEDRA,Galicia,1,2025Q3,0,11,13,4,2,0,10,4,1,0,0.0254507,0.0276596,,0,0,0
TUI,PONTEVEDRA,PONTEVEDRA,Galicia,1,2025Q3,0,12,6,21,2,4,4,14,0,3,0.019088,0.012766,,0,0,0
VIGO,PONTEVEDRA,PONTEVEDRA,Galicia,3,2026Q1,0,147,200,183,28,10,163,171,9,2,0.367975,0.425532,,0,0,0
VILAGARCIA DE AROUSA,PONTEVEDRA,PONTEVEDRA,Galicia,1,2025Q3,0,30,18,13,2,2,14,10,2,1,0.0509014,0.0382979,,0,0,0
BEJAR,SALAMANCA,SALAMANCA,Castilla y León,1,2025Q3,0,12,8,16,4,0,4,16,0,0,0.0790514,0.0481928,,0,0,0
CIUDAD RODRIGO,SALAMANCA,SALAMANCA,Castilla y León,1,2025Q3,0,3,6,7,1,3,5,3,0,1,0.0355731,0.0361446,,0,0,0
PEÑARANDA DE BRACAMONTE,SALAMANCA,SALAMANCA,Castilla y León,1,2025Q3,0,3,3,1,0,0,3,1,0,0,0.0237154,0.0180723,,0,0,0
SALAMANCA,SALAMANCA,SALAMANCA,Castilla y León,3,2026Q1,1,69,148,48,34,2,87,37,27,9,0.857708,0.891566,,0,0,0
VITIGUDINO,SALAMANCA,SALAMANCA,Castilla y León,1,2025Q3,0,0,1,4,0,0,1,4,0,0,0.00395257,0.0060241,,0,0,0
ARONA,SANTA CRUZ DE TENERIFE,SANTA CRUZ DE TENERIFE,Canarias,2,2025Q4,0,256,312,182,52,42,241,133,19,7,0.351268,0.348603,,0,0,0
GRANADILLA DE ABONA,SANTA CRUZ DE TENERIFE,SANTA CRUZ DE TENERIFE,Canarias,1,2025Q3,0,66,81,28,30,2,49,25,2,1,0.0909091,0.0905028,,1,0,0
GÜIMAR,SANTA CRUZ DE TENERIFE,SANTA CRUZ DE TENERIFE,Canarias,1,2025Q3,0,58,63,29,12,1,47,21,4,7,0.0748299,0.0703911,,1,1,0
ICOD DE LOS VINOS,SANTA CRUZ DE TENERIFE,SANTA CRUZ DE TENERIFE,Canarias,1,2025Q3,0,37,44,13,23,2,20,10,1,1,0.0500928,0.049162,,0,0,0
LA OROTAVA,SANTA CRUZ DE TENERIFE,SANTA CRUZ DE TENERIFE,Canarias,1,2025Q3,0,25,28,20,4,6,22,13,2,1,0.0327767,0.0312849,,1,0,0
LOS LLANOS DE ARIDANE,SANTA CRUZ DE TENERIFE,SANTA CRUZ DE TENERIFE,Canarias,1,2025Q3,0,37,21,12,0,3,20,9,1,0,0.0358689,0.0234637,,0,0,0
PUERTO DE LA CRUZ,SANTA CRUZ DE TENERIFE,SANTA CRUZ DE TENERIFE,Canarias,1,2025Q3,0,19,42,13,5,1,36,11,1,1,0.0377242,0.0469274,,1,0,0
SAN CRISTOBAL DE LA LAGUNA,SANTA CRUZ DE TENERIFE,SANTA CRUZ DE TENERIFE,Canarias,2,2025Q4,0,111,125,78,22,11,96,65,7,2,0.145949,0.139665,,0,0,0
SAN SEBASTIAN DE LA GOMERA,SANTA CRUZ DE TENERIFE,SANTA CRUZ DE TENERIFE,Canarias,1,2025Q3,0,8,20,1,8,0,7,1,5,0,0.017316,0.0223464,,0,0,0
SANTA CRUZ DE LA PALMA,SANTA CRUZ DE TENERIFE,SANTA CRUZ DE TENERIFE,Canarias,3,2026Q1,0,28,33,31,6,3,26,23,1,5,0.0377242,0.0368715,,0,0,0
SANTA CRUZ DE TENERIFE,SANTA CRUZ DE TENERIFE,SANTA CRUZ DE TENERIFE,Canarias,3,2026Q1,0,66,123,100,18,15,90,80,15,5,0.116883,0.13743,,0,0,0
VALVERDE,SANTA CRUZ DE TENERIFE,SANTA CRUZ DE TENERIFE,Canarias,1,2025Q3,0,11,3,7,2,3,1,3,0,1,0.00865801,0.00335196,,0,0,0
CUELLAR,SEGOVIA,SEGOVIA,Castilla y León,1,2025Q3,0,0,2,1,0,0,2,1,0,0,0.0240964,0.0384615,,0,0,0
SANTA MARIA LA REAL DE NIEVA,SEGOVIA,SEGOVIA,Castilla y León,1,2025Q3,0,2,1,4,0,0,1,4,0,0,0.0361446,0.0192308,,0,0,0
SEGOVIA,SEGOVIA,SEGOVIA,Castilla y León,3,2026Q1,1,25,40,43,7,3,33,34,0,6,0.783133,0.769231,,0,0,0
SEPULVEDA,SEGOVIA,SEGOVIA,Castilla y León,1,2025Q3,0,4,9,8,1,1,7,7,1,0,0.156627,0.173077,,0,0,0
ALCALA DE GUADAIRA,SEVILLA,SEVILLA,Andalucía,1,2025Q3,0,32,8,9,1,1,6,7,1,1,0.0277971,0.0118519,,0,0,0
CARMONA,SEVILLA,SEVILLA,Andalucía,1,2025Q3,0,14,15,6,3,3,12,2,0,1,0.0201529,0.0222222,,0,0,0
CAZALLA DE LA SIERRA,SEVILLA,SEVILLA,Andalucía,1,2025Q3,0,3,1,1,1,0,0,1,0,0,0.00277971,0.00148148,,0,0,0
CORIA DEL RIO,SEVILLA,SEVILLA,Andalucía,1,2025Q3,0,55,21,22,0,2,20,19,1,1,0.0528145,0.0311111,,0,0,0
DOS HERMANAS,SEVILLA,SEVILLA,Andalucía,1,2025Q3,0,32,32,28,6,8,24,20,2,0,0.0444753,0.0474074,,0,0,0
ECIJA,SEVILLA,SEVILLA,Andalucía,1,2025Q3,0,15,24,15,8,2,14,13,2,0,0.0271022,0.0355556,,0,0,0
ESTEPA,SEVILLA,SEVILLA,Andalucía,1,2025Q3,0,1,3,5,0,2,3,3,0,0,0.00277971,0.00444444,,0,0,0
LEBRIJA,SEVILLA,SEVILLA,Andalucía,1,2025Q3,0,23,37,32,4,6,22,23,11,3,0.0416956,0.0548148,,0,0,0
LORA DEL RIO,SEVILLA,SEVILLA,Andalucía,1,2025Q3,0,8,6,14,1,3,2,10,3,1,0.00972898,0.00888889,,0,0,0
MARCHENA,SEVILLA,SEVILLA,Andalucía,1,2025Q3,0,4,12,8,4,0,6,7,2,1,0.0111188,0.0177778,,1,0,0
MORON DE LA FRONTERA,SEVILLA,SEVILLA,Andalucía,1,2025Q3,0,9,10,9,2,2,8,5,0,2,0.0132036,0.0148148,,0,0,0
OSUNA,SEVILLA,SEVILLA,Andalucía,1,2025Q3,0,5,11,11,2,5,7,6,2,0,0.0111188,0.0162963,,0,0,0
SANLUCAR LA MAYOR,SEVILLA,SEVILLA,Andalucía,1,2025Q3,0,72,34,22,12,2,20,18,2,2,0.0736623,0.0503704,,0,0,0
SEVILLA,SEVILLA,SEVILLA,Andalucía,3,2026Q1,0,453,427,423,83,70,286,307,58,46,0.611536,0.632593,,0,0,0
UTRERA,SEVILLA,SEVILLA,Andalucía,1,2025Q3,0,38,34,68,13,10,21,58,0,0,0.0500347,0.0503704,,0,0,0
ALMAZAN,SORIA,SORIA,Castilla y León,1,2025Q3,0,2,0,4,0,1,0,2,0,1,0.0425532,0,,0,0,0
BURGO DE OSMA-CIUDAD DE OSMA,SORIA,SORIA,Castilla y León,1,2025Q3,0,1,0,1,0,0,0,0,0,1,0.0212766,0,,0,0,0
SORIA,SORIA,SORIA,Castilla y León,3,2026Q1,1,23,21,20,1,0,20,19,0,1,0.93617,1,,0,0,0
AMPOSTA,TARRAGONA,TARRAGONA,Cataluña,1,2025Q3,0,22,28,15,4,3,23,12,1,0,0.0325309,0.0343137,,0,0,0
EL VENDRELL,TARRAGONA,TARRAGONA,Cataluña,1,2025Q3,0,85,112,44,6,5,76,36,30,3,0.128172,0.137255,,0,0,0
FALSET,TARRAGONA,TARRAGONA,Cataluña,1,2025Q3,0,10,9,19,3,5,6,11,0,3,0.0123617,0.0110294,,0,0,0
GANDESA,TARRAGONA,TARRAGONA,Cataluña,1,2025Q3,0,6,2,2,0,0,2,2,0,0,0.00520494,0.00245098,,0,0,0
REUS,TARRAGONA,TARRAGONA,Cataluña,3,2026Q1,0,232,299,240,66,48,205,170,28,22,0.345478,0.366422,,0,0,0
TARRAGONA,TARRAGONA,TARRAGONA,Cataluña,3,2026Q1,0,330,324,299,65,25,212,228,47,46,0.425504,0.397059,,0,0,0
TORTOSA,TARRAGONA,TARRAGONA,Cataluña,3,2026Q1,0,24,25,27,2,7,23,20,0,0,0.0318803,0.0306373,,0,0,0
VALLS,TARRAGONA,TARRAGONA,Cataluña,1,2025Q3,0,12,17,4,9,4,8,0,0,0,0.0188679,0.0208333,,1,0,0
ALCAÑIZ,TERUEL,TERUEL,Aragón,1,2025Q3,0,22,19,21,4,1,11,19,4,1,0.539474,0.612903,,0,0,0
CALAMOCHA,TERUEL,TERUEL,Aragón,1,2025Q3,0,2,1,0,0,0,0,0,1,0,0.0394737,0.0322581,,0,0,0
TERUEL,TERUEL,TERUEL,Aragón,3,2026Q1,0,21,11,35,2,7,9,28,0,0,0.421053,0.354839,,0,0,0
ILLESCAS,TOLEDO,TOLEDO,Castilla-La Mancha,1,2025Q3,0,123,57,70,12,19,42,48,3,3,0.289389,0.19,,0,0,0
OCAÑA,TOLEDO,TOLEDO,Castilla-La Mancha,3,2026Q1,1,0,23,63,4,21,19,39,0,3,0.073955,0.0766667,2023:drop_to_zero,0,0,0
ORGAZ,TOLEDO,TOLEDO,Castilla-La Mancha,1,2025Q3,0,10,4,1,0,1,4,0,0,0,0.022508,0.0133333,,0,0,0
QUINTANAR DE LA ORDEN,TOLEDO,TOLEDO,Castilla-La Mancha,1,2025Q3,0,5,1,29,0,13,1,7,0,9,0.0096463,0.00333333,,1,0,0
TALAVERA DE LA REINA,TOLEDO,TOLEDO,Castilla-La Mancha,3,2026Q1,1,93,107,192,22,35,75,137,10,20,0.321543,0.356667,,0,0,0
TOLEDO,TOLEDO,TOLEDO,Castilla-La Mancha,3,2026Q1,1,31,81,75,29,26,52,48,0,1,0.180064,0.27,,0,0,0
TORRIJOS,TOLEDO,TOLEDO,Castilla-La Mancha,1,2025Q3,0,37,27,23,5,3,20,18,2,2,0.102894,0.09,,0,0,0
ALZIRA,VALENCIA,VALENCIA,Comunidad Valenciana,1,2025Q3,0,67,74,26,25,4,39,14,10,8,0.0412763,0.0457638,,0,0,0
CARLET,VALENCIA,VALENCIA,Comunidad Valenciana,1,2025Q3,0,63,51,20,14,7,17,11,20,2,0.0333724,0.0315399,,0,0,0
CATARROJA,VALENCIA,VALENCIA,Comunidad Valenciana,1,2025Q3,0,27,32,20,5,2,25,16,2,2,0.0172717,0.0197897,,0,0,0
GANDIA,VALENCIA,VALENCIA,Comunidad Valenciana,3,2026Q1,0,120,152,138,47,41,92,83,13,14,0.0796253,0.0940012,,0,0,0
LLIRIA,VALENCIA,VALENCIA,Comunidad Valenciana,1,2025Q3,0,129,99,77,21,5,75,68,3,4,0.0667447,0.0612245,,0,0,0
MASSAMAGRELL,VALENCIA,VALENCIA,Comunidad Valenciana,1,2025Q3,0,72,78,13,26,1,49,11,3,1,0.043911,0.0482375,,0,0,0
MISLATA,VALENCIA,VALENCIA,Comunidad Valenciana,1,2025Q3,0,45,46,32,10,7,36,22,0,3,0.0266393,0.0284477,,0,0,0
MONCADA,VALENCIA,VALENCIA,Comunidad Valenciana,1,2025Q3,0,59,61,15,6,4,48,10,7,1,0.0351288,0.0377242,,0,0,0
ONTINYENT,VALENCIA,VALENCIA,Comunidad Valenciana,1,2025Q3,0,39,27,25,7,5,19,19,1,1,0.0193208,0.0166976,,0,0,0
PATERNA,VALENCIA,VALENCIA,Comunidad Valenciana,1,2025Q3,0,38,61,43,14,16,47,26,0,1,0.0289813,0.0377242,,0,0,0
PICASSENT,VALENCIA,VALENCIA,Comunidad Valenciana,1,2025Q3,0,85,56,22,14,6,35,12,7,4,0.0412763,0.034632,,0,0,0
QUART DE POBLET,VALENCIA,VALENCIA,Comunidad Valenciana,1,2025Q3,0,22,24,14,9,0,15,12,0,2,0.013466,0.0148423,,0,0,0
REQUENA,VALENCIA,VALENCIA,Comunidad Valenciana,1,2025Q3,0,69,87,81,27,33,60,48,0,0,0.0456674,0.0538033,,0,0,0
SAGUNTO/SAGUNT,VALENCIA,VALENCIA,Comunidad Valenciana,1,2025Q3,0,47,57,47,9,10,42,36,6,1,0.030445,0.0352505,,0,0,0
SUECA,VALENCIA,VALENCIA,Comunidad Valenciana,1,2025Q3,0,44,66,29,16,8,48,20,2,1,0.0322014,0.0408163,,0,0,0
TORRENT,VALENCIA,VALENCIA,Comunidad Valenciana,2,2025Q4,0,144,103,71,20,11,63,47,20,13,0.0723068,0.0636982,,0,0,0
VALENCIA,VALENCIA,VALENCIA,Comunidad Valenciana,3,2026Q1,0,700,523,427,58,61,439,349,26,17,0.358021,0.323438,,0,0,0
XATIVA,VALENCIA,VALENCIA,Comunidad Valenciana,1,2025Q3,0,29,20,20,1,2,19,16,0,2,0.0143443,0.0123686,,0,0,0
MEDINA DE RIOSECO,VALLADOLID,VALLADOLID,Castilla y León,1,2025Q3,0,0,5,16,0,8,5,4,0,4,0.0265252,0.0247525,2023:drop_to_zero,0,0,0
MEDINA DEL CAMPO,VALLADOLID,VALLADOLID,Castilla y León,1,2025Q3,0,23,17,64,1,11,14,42,2,11,0.106101,0.0841584,,0,0,0
VALLADOLID,VALLADOLID,VALLADOLID,Castilla y León,3,2026Q1,1,147,180,200,27,28,144,157,9,15,0.867374,0.891089,,0,0,0
BENAVENTE,ZAMORA,ZAMORA,Castilla y León,1,2025Q3,0,16,10,58,0,7,8,9,2,42,0.38806,0.3125,,0,0,0
PUEBLA DE SANABRIA,ZAMORA,ZAMORA,Castilla y León,1,2025Q3,0,0,1,10,0,1,0,6,1,3,0.0149254,0.03125,,0,0,0
TORO,ZAMORA,ZAMORA,Castilla y León,1,2025Q3,0,3,0,24,0,8,0,16,0,0,0.0447761,0,,0,0,0
VILLALPANDO,ZAMORA,ZAMORA,Castilla y León,1,2025Q3,0,3,0,1,0,0,0,0,0,1,0.0447761,0,,0,0,0
ZAMORA,ZAMORA,ZAMORA,Castilla y León,3,2026Q1,1,13,21,44,5,6,16,32,0,6,0.507463,0.65625,,0,0,0
CALATAYUD,ZARAGOZA,ZARAGOZA,Aragón,1,2025Q3,0,34,17,7,4,2,13,5,0,0,0.056044,0.0381166,,0,0,0
CASPE,ZARAGOZA,ZARAGOZA,Aragón,1,2025Q3,0,5,4,10,0,0,4,8,0,2,0.00989011,0.00896861,,1,0,0
DAROCA,ZARAGOZA,ZARAGOZA,Aragón,1,2025Q3,0,7,11,5,2,0,8,3,1,2,0.0197802,0.0246637,,0,0,0
EJEA DE LOS CABALLEROS,ZARAGOZA,ZARAGOZA,Aragón,1,2025Q3,0,10,12,13,0,1,8,11,4,1,0.0241758,0.0269058,,0,0,0
LA ALMUNIA DE DOÑA GODINA,ZARAGOZA,ZARAGOZA,Aragón,1,2025Q3,0,25,18,38,6,8,9,28,3,2,0.0472527,0.0403587,,0,0,0
TARAZONA,ZARAGOZA,ZARAGOZA,Aragón,1,2025Q3,0,0,13,7,4,0,9,6,0,1,0.0285714,0.029148,2023:drop_to_zero,0,0,0
ZARAGOZA,ZARAGOZA,ZARAGOZA,Aragón,3,2026Q1,0,370,371,414,38,67,322,339,11,8,0.814286,0.831839,,0,0,0
