province,label,B_2024,W1,W2,W3,pred_dev_transient,pred_dev_persistent,pred_dev_transient_h1a
A CORUNA,A CORUÑA,486,0.307203,0,0.692797,0.0409838,0,0.115369
ALBACETE,ALBACETE,155,0.438462,0,0.561538,-0.0129914,0,-0.0519577
ALICANTE,ALICANTE,1572,0.185357,0.220884,0.59376,-8.69902e-06,0,-0.0134005
ALMERIA,ALMERIA,557,0.720413,0,0.279587,-0.119932,0,-0.337862
ARABA/ALAVA,ARABA/ALAVA,127,0.0669456,0,0.933054,0.148025,0,0.52092
ASTURIAS,ASTURIAS,704,0.214466,0,0.785534,0.0809545,0,0.253121
AVILA,AVILA,77,0.418605,0,0.581395,-0.00501069,0,-0.0283729
BADAJOZ,BADAJOZ,164,0.478142,0,0.521858,-0.0287509,0,-0.0974834
BARCELONA,BARCELONA,5140,0.2459,0.1243,0.6298,0.0147149,0,0.0315636
BIZKAIA,BIZKAIA,346,0.200301,0,0.799699,0.087203,0,0.275939
BURGOS,BURGOS,181,0.36409,0,0.63591,0.0172327,0,0.039391
CACERES,CACERES,105,0.349727,0,0.650273,0.0231764,0,0.0580363
CADIZ,CADIZ,581,0.445423,0,0.554577,-0.0157741,0,-0.0600956
CANTABRIA,CANTABRIA,257,0.571078,0,0.428922,-0.0647179,0,-0.196638
CASTELLON,CASTELLON,421,0.297821,0,0.702179,0.0449557,0,0.128473
CIUDAD REAL,CIUDAD REAL,139,0.697368,0,0.302632,-0.111608,0,-0.317328
CORDOBA,CORDOBA,242,0.542035,0,0.457965,-0.0536164,0,-0.166694
CUENCA,CUENCA,44,0.526316,0,0.473684,-0.0475561,0,-0.150106
GIPUZKOA,GIPUZKOA,135,0.543624,0,0.456376,-0.0542269,0,-0.168356
GIRONA,GIRONA,1095,0.470093,0,0.529907,-0.0255742,0,-0.0884147
GRANADA,GRANADA,336,0.400996,0,0.599004,0.00212023,0,-0.00698232
GUADALAJARA,GUADALAJARA,219,0.0294118,0,0.970588,0.165833,0,0.602273
HUELVA,HUELVA,286,0.600969,0,0.399031,-0.0760163,0,-0.226547
HUESCA,HUESCA,161,0.661238,0,0.338762,-0.0984163,0,-0.284261
ILLES BALEARS,ILLES BALEARS,880,0,0.242045,0.757955,0.0688999,0,0.210137
JAEN,JAEN,147,0.820988,0,0.179012,-0.155471,0,-0.422847
LA RIOJA,LA RIOJA,173,0.174312,0,0.825688,0.0987697,0,0.319206
LAS PALMAS,LAS PALMAS,837,0.0474433,0.302056,0.650501,0.023271,0,0.0583351
LEON,LEON,312,0.084127,0,0.915873,0.139978,0,0.48578
LLEIDA,LLEIDA,330,0.526995,0,0.473005,-0.0478186,0,-0.150828
LUGO,LUGO,95,0.61165,0,0.38835,-0.0800228,0,-0.237021
MADRID,MADRID,2756,0.233262,0.0800312,0.686707,0.038414,0,0.106954
MALAGA,MALAGA,1203,0.223496,0.489562,0.286942,-0.117283,0,-0.331354
MURCIA,MURCIA,1203,0.448537,0,0.551463,-0.0170165,0,-0.0637147
NAVARRA,NAVARRA,156,0.358621,0,0.641379,0.0194917,0,0.0464496
OURENSE,OURENSE,140,0.35316,0,0.64684,0.0217525,0,0.053548
PALENCIA,PALENCIA,79,0.215569,0,0.784431,0.0804696,0,0.251366
PONTEVEDRA,PONTEVEDRA,470,0.560976,0,0.439024,-0.0608704,0,-0.186324
SALAMANCA,SALAMANCA,166,0.142292,0,0.857708,0.113207,0,0.375225
SANTA CRUZ DE TENERIFE,SANTA CRUZ DE TENERIFE,895,0.348176,0.497217,0.154607,-0.163907,0,-0.442425
SEGOVIA,SEGOVIA,52,0.216867,0,0.783133,0.0798993,0,0.249305
SEVILLA,SEVILLA,675,0.388464,0,0.611536,0.00722633,0,0.00852454
SORIA,SORIA,21,0.0638298,0,0.93617,0.149491,0,0.527427
TARRAGONA,TARRAGONA,816,0.197137,0,0.802863,0.088604,0,0.281107
TERUEL,TERUEL,31,0.578947,0,0.421053,-0.0677047,0,-0.204599
TOLEDO,TOLEDO,300,0.424437,0,0.575563,-0.00736125,0,-0.0353576
VALENCIA,VALENCIA,1617,0.490047,0.0723068,0.437646,-0.0613961,0,-0.187737
VALLADOLID,VALLADOLID,202,0.132626,0,0.867374,0.117607,0,0.392771
ZAMORA,ZAMORA,32,0.492537,0,0.507463,-0.0344073,0,-0.1135
ZARAGOZA,ZARAGOZA,446,0.185714,0,0.814286,0.0936786,0,0.299993
