source,query,time_utc,results_reported,screened,relevant_cited,error
crossref,desahucios estadística judicial,2026-10-04T12:57:43Z,73705,20,,
crossref,lanzamientos practicados desahucios,2026-10-04T12:57:45Z,96,20,,
crossref,evictions Spain court statistics,2026-10-04T12:57:47Z,826817,20,10.4337/9781788116992.00017 10.3390/su13137485,
crossref,Ley Orgánica 1/2025 tribunales de instancia,2026-10-04T12:57:49Z,21541153,20,10.62659/cf2503101 10.69592/979-13-7011-288-2-cap-1 10.62659/cf2502901,
crossref,eviction statistics data quality,2026-10-04T12:57:51Z,5064294,20,,
crossref,court reorganization statistics structural break,2026-10-04T12:57:53Z,1744437,20,,
crossref,eviction moratorium Spain,2026-10-04T12:57:55Z,203523,20,,
crossref,desahucios moratoria vulnerabilidad,2026-10-04T12:57:58Z,4680,20,,
crossref,evictions Spain judicial data CGPJ,2026-10-04T12:58:00Z,3440928,20,10.4337/9781788116992.00017 10.1016/j.cities.2019.102466 10.4337/9781788116992.00016,
crossref,administrative data eviction counts measurement error,2026-10-04T12:58:02Z,4372772,20,10.1145/3656156.3665128,
crossref,tribunales de instancia estadística,2026-10-04T12:58:04Z,11854474,20,10.62659/cf2502901 10.62659/cf2503101 10.69592/979-13-7011-288-2-cap-1,
crossref,medios adecuados de solución de controversias desahucio,2026-10-04T12:58:06Z,11855587,20,,
arxiv,"all:""eviction"" AND all:""Spain""",2026-10-04T12:58:10Z,0,0,,
arxiv,all:evictions AND all:statistics,2026-10-04T12:58:18Z,42,25,http://arxiv.org/abs/2605.24849v1 http://arxiv.org/abs/2604.21212v3,
arxiv,"all:""court reform"" AND all:statistics",2026-10-04T12:58:22Z,0,0,,
arxiv,"all:""judicial statistics""",2026-10-04T12:58:26Z,0,0,,
arxiv,"all:""eviction moratorium""",2026-10-04T12:58:30Z,2,2,,
arxiv,"all:""structural break"" AND all:""administrative data"" AND all:court",2026-10-04T12:58:36Z,0,0,,
github-repos,lanzamientos CGPJ,2026-10-04T12:58:40Z,0,0,,
github-repos,desahucios CGPJ,2026-10-04T12:58:43Z,0,0,,
github-repos,desahucios,2026-10-04T12:58:46Z,8,8,,
github-repos,evictions Spain,2026-10-04T12:58:49Z,0,0,,
github-repos,poderjudicial estadistica,2026-10-04T12:58:52Z,0,0,,
github-repos,tribunales de instancia,2026-10-04T12:58:54Z,0,0,,
github-repos,estadistica judicial,2026-10-04T12:58:57Z,6,6,,
github-repos,CGPJ,2026-10-04T12:59:01Z,30,30,,
github-code,"""Lanzamientos por PJs""",2026-10-04T12:59:04Z,0,0,,
github-code,"""lanzamientos practicados""",2026-10-04T12:59:11Z,0,0,,
github-code,"""Efecto de la crisis en los organos judiciales""",2026-10-04T12:59:17Z,0,0,,
crossref-title-lookup,Inaccuracies in Eviction Records: Implications for Renters and Researchers,2026-10-04,3,3,10.1080/10511482.2020.1748084,
crossref-title-lookup,Estimating eviction prevalence across the United States,2026-10-04,3,3,10.1073/pnas.2116169119,
