fact_id,role,boe_id,consolidated,verified,url,quote,note
F01,current,BOE-A-2026-3815,False,True,https://www.boe.es/diario_boe/txt.php?id=BOE-A-2026-3815,"…sexo ni edad de las personas trabajadoras, queda fijado en 40,70 euros/día o 1 221 euros/mes, según el salario esté fijado por días o por meses. En el s…",
F01,old,BOE-A-2025-2576,False,True,https://www.boe.es/diario_boe/txt.php?id=BOE-A-2025-2576,"…inción de sexo ni edad de los trabajadores, queda fijado en 39,47 euros/día o 1184 euros/mes, según el salario esté fijado por días o por meses. En el s…",
F02,current,BOE-A-2025-15741,False,True,https://www.boe.es/diario_boe/txt.php?id=BOE-A-2025-15741,"…ión con otros países, del permiso de nacimiento español. La ampliación del permiso de nacimiento a diecinueve semanas que opera el presente real decreto-ley tiene una trascenden…",
F02,current,BOE-A-2015-11430,True,True,https://www.boe.es/datosabiertos/api/legislacion-consolidada/id/BOE-A-2015-11430/texto,"…nderá el contrato de trabajo de la madre biológica y el del progenitor distinto de la madre biológica durante diecinueve semanas. En el supuesto de monoparentalidad, por existir una única…",
F03,current,BOE-A-2015-11430,True,True,https://www.boe.es/datosabiertos/api/legislacion-consolidada/id/BOE-A-2015-11430/texto,"…dre biológica durante diecinueve semanas. En el supuesto de monoparentalidad, por existir una única persona progenitora, el periodo de suspensión será de treinta y dos semanas. En los casos de parto prematuro y en aquellos en que, por…",
F04,current,BOE-A-2025-8567,False,True,https://www.boe.es/diario_boe/txt.php?id=BOE-A-2025-8567,"…e incorpora una nueva letra n) al citado artículo 49.1, que condiciona la posibilidad de extinción del contrato por «declaración de gran incapacidad, incapacidad permanente absoluta o total de la persona trabajadora» a la voluntad de la persona trabajadora y a la posibilidad de acometer los ajustes razonables. Adic…",
F05,current,BOE-A-2015-11430,True,True,https://www.boe.es/datosabiertos/api/legislacion-consolidada/id/BOE-A-2015-11430/texto,…pactada en los convenios colectivos o contratos de trabajo. La duración máxima de la jornada ordinaria de trabajo será de cuarenta horas semanales de trabajo efectivo de promedio en cómputo anual. 2. Median…,
F06,current,BOE-A-2026-7296,False,True,https://www.boe.es/diario_boe/txt.php?id=BOE-A-2026-7296,"…ase de cotización al Régimen General de la Seguridad Social será, desde el 1 de enero de 2026, de 5.101,20 euros mensuales, de conformidad con lo dispuesto en el artículo 3 del Real…",
F06,old,BOE-A-2025-3780,False,True,https://www.boe.es/diario_boe/txt.php?id=BOE-A-2025-3780,"…ase de cotización al Régimen General de la Seguridad Social será, desde el 1 de enero de 2025, de 4.909,50 euros mensuales, de conformidad con lo dispuesto en el artículo 66 del Real…",
F07,current,BOE-A-2026-7296,False,True,https://www.boe.es/diario_boe/txt.php?id=BOE-A-2026-7296,"…General de la Seguridad Social se determinará aplicando el tipo del 0,90 por ciento sobre la base de cotización por contingencias comunes, del que el 0,75 por ciento será a cargo del empleador y el 0,15 por ciento, a cargo de la persona trabajadora. En el Sistema Especial…",
F07,old,BOE-A-2025-3780,False,True,https://www.boe.es/diario_boe/txt.php?id=BOE-A-2025-3780,"…General de la Seguridad Social se determinará aplicando el tipo del 0,80 por ciento sobre la base de cotización por contingencias comunes, del que el 0,67 por ciento será a cargo del empleador y el 0,13 por ciento, a cargo de la persona trabajadora. En el Sistema Especial…",
F08,current,BOE-A-2026-7296,False,True,https://www.boe.es/diario_boe/txt.php?id=BOE-A-2026-7296,"…y el 0,15 por ciento, a cargo de la persona trabajadora. 3. La cuota de solidaridad será el resultado de aplicar un tipo del 1,15 por ciento a la parte de la retribución comprendida entre 5.101,21 euros y 5.611,32 euros, siendo el 0,96 por ciento a cargo de la e…",
F08,old,BOE-A-2025-3780,False,True,https://www.boe.es/diario_boe/txt.php?id=BOE-A-2025-3780,"…y el 0,13 por ciento, a cargo de la persona trabajadora. 3. La cuota de solidaridad será el resultado de aplicar un tipo del 0,92 por ciento a la parte de retribución comprendida entre 4.909,51 y 5.40…",
F09,current,BOE-A-2026-2548,False,True,https://www.boe.es/diario_boe/txt.php?id=BOE-A-2026-2548,"…y extraordinarias del Régimen de Clases Pasivas del Estado se revalorizarán en 2026 con carácter general el 2,7 por ciento respecto del importe que tuvieran a 31 de diciembre de 2025…",
F09,old,BOE-A-2025-1560,False,True,https://www.boe.es/diario_boe/txt.php?id=BOE-A-2025-1560,"…rdinarias del Régimen Especial de Clases Pasivas del Estado se revalorizarán en 2025 con carácter general el 2,8 por ciento respecto del importe que tuvieran a 31 de diciembre de 2024…",
F10,current,BOE-A-2026-2548,False,True,https://www.boe.es/diario_boe/txt.php?id=BOE-A-2026-2548,"…sistema de la Seguridad Social de incapacidad y jubilación tendrán un importe anual de 8.803,20 euros. 6. Con efectos de 1 de enero de 2026, la cuantía anual de…",
F10,old,BOE-A-2025-1560,False,True,https://www.boe.es/diario_boe/txt.php?id=BOE-A-2025-1560,"…el sistema de la Seguridad Social de invalidez y jubilación tendrán un importe anual de 7.905,80 euros. 6. Con efectos de 1 de enero de 2025, la cuantía anual de…",
F11,current,BOE-A-2026-2548,False,True,https://www.boe.es/diario_boe/txt.php?id=BOE-A-2026-2548,"…idad Social y de Clases Pasivas del Estado causadas en 2026 será de 3.359,60 euros mensuales o 47.034,40 euros anuales. Artículo 2. Revalorización de las pensiones y de otras pre…",
F11,old,BOE-A-2025-1560,False,True,https://www.boe.es/diario_boe/txt.php?id=BOE-A-2025-1560,"…Seguridad social y clases pasivas causadas en 2025 será de 3.267,60 euros mensuales o 45.746,40 euros anuales. Artículo 65. Revaloriz…",
F12,current,BOE-A-2026-2548,False,True,https://www.boe.es/diario_boe/txt.php?id=BOE-A-2026-2548,"…l − Euros/año Con cónyuge no a cargo − Euros/año Jubilación Titular con sesenta y cinco años. 17.592,40 13.106,80 12.441,80 Titular menor de sesenta y cinco años. 17.592,40 12.262,60…",
F12,old,BOE-A-2025-1560,False,True,https://www.boe.es/diario_boe/txt.php?id=BOE-A-2025-1560,"…l — Euros/año Con cónyuge no a cargo — Euros/año Jubilación Titular con sesenta y cinco años 15.786,40 12.241,60 11.620,00 Titular menor de sesenta y cinco años 15.786,40 11.452,00 1…",
F13,current,BOE-A-2015-11724,True,True,https://www.boe.es/datosabiertos/api/legislacion-consolidada/id/BOE-A-2015-11724/texto,…ás. 65 años. Menos de 38 años y 3 meses. 66 años y 8 meses. 2026 38 años y 3 meses o más. 65 años. Menos de 38 años y 3 meses. 66 años y 10 meses. A partir del año 2027 38 años y 6 meses o más. 65 años. Me…,
F13,old,BOE-A-2015-11724,True,True,https://www.boe.es/datosabiertos/api/legislacion-consolidada/id/BOE-A-2015-11724/texto,…8 o más años. 65 años. Menos de 38 años. 66 años y 6 meses. 2025 38 años y 3 meses o más. 65 años. Menos de 38 años y 3 meses. 66 años y 8 meses. 2026 38 años y 3 meses o más. 65 años. Menos de 38 años y…,
F14,current,BOE-A-2026-7296,False,True,https://www.boe.es/diario_boe/txt.php?id=BOE-A-2026-7296,"…ferentes tramos de rendimientos netos serán las siguientes: Tramos de rendimientos netos 2026 – Euros/mes Base mínima – Euros/mes Base máxima – Euros/mes Tabla reducida. Tramo 1 ≤ 670 653,59 718,94 Tramo 2 > 670 y ≤ 900 718,95 900,00 Tramo 3 > 900 y < 1.166…",
F14,old,BOE-A-2025-3780,False,True,https://www.boe.es/diario_boe/txt.php?id=BOE-A-2025-3780,"…erentes tramos de rendimientos netos, serán las siguientes: Tramos de rendimientos netos 2025 – Euros/mes Base mínima – Euros/mes Base máxima – Euros/mes Tabla reducida Tramo 1 ≤ 670 653,59 718,94 Tramo 2 > 670 y ≤ 900 718,95 900,00 Tramo 3 > 900 y < 1.166…",
F15,current,BOE-A-2026-12300,False,True,https://www.boe.es/diario_boe/txt.php?id=BOE-A-2026-12300,"…en el BOE del 24 de diciembre de 2024, y, en consecuencia: Anular los preceptos del Real Decreto impugnado referidos al procedimiento de registro único de arrendamientos y la obligación de la inscripción en el Registro de la Propiedad o en el de Bienes Muebles para obtener un numero de registro que permita ofrecer los servicios de alquiler de alojamient…",
F15,current,BOE-A-2026-13893,False,True,https://www.boe.es/diario_boe/txt.php?id=BOE-A-2026-13893,"…os servicios de alquiler de alojamientos de corta duración, declarándose nulos los artículos 2, apartados f) y i), 5, 6, 8, 9, 10 y 12.b) del citado real…",
F15,current,BOE-A-2026-15677,False,True,https://www.boe.es/diario_boe/txt.php?id=BOE-A-2026-15677,"…os servicios de alquiler de alojamientos de corta duración, declarándose nulos los siguientes preceptos y apartados del citado real decreto: artículo 1 (en cuanto hace referencia al desarrollo del pr…",
F15,old,BOE-A-2024-26931,False,True,https://www.boe.es/diario_boe/txt.php?id=BOE-A-2024-26931,"…ón final cuarta. Entrada en vigor. El presente real decreto entrará en vigor el día 2 de enero de 2025, desplegando efectos sus disposiciones el 1 de julio de 2025, para otorgar un plazo suficiente para realizar las adaptac…",
F16,current,BOE-A-2026-9359,False,True,https://www.boe.es/diario_boe/txt.php?id=BOE-A-2026-9359,"…putados, por la que se ordena la publicación del Acuerdo de derogación del Real Decreto-ley 8/2026, de 20 de marzo, de medidas en el alquiler en respuesta a l…",
F16,current,BOE-A-2026-20526,False,True,https://www.boe.es/diario_boe/txt.php?id=BOE-A-2026-20526,"…el Congreso de los Diputados, en su sesión del día de hoy, acordó derogar el Real Decreto-ley 26/2026, de 29 de septiembre, por el que se adoptan medidas urgentes para la protección…",
F16,old,BOE-A-2026-6545,False,True,https://www.boe.es/diario_boe/txt.php?id=BOE-A-2026-6545,"…renta será el que resulte del nuevo pacto entre las partes, sin que la variación anual de la renta pueda exceder del dos por ciento. En ausencia de este nuevo pacto entre las partes, el incre…",
F16,old,BOE-A-2026-20266,False,True,https://www.boe.es/diario_boe/txt.php?id=BOE-A-2026-20266,"…renta será el que resulte del nuevo pacto entre las partes. En ausencia de este nuevo pacto entre las partes, el incremento de la renta a aplicar no podrá ser superior al dos por ciento. Disposición final séptima. Salvaguarda de rango reglamenta…",
F17,current,BOE-A-2026-8872,False,True,https://www.boe.es/diario_boe/txt.php?id=BOE-A-2026-8872,"…BOE-A-2026-8872 RETRIEVED: 2026-10-02 21:22 BOE-A-2026-8872 Real Decreto 326/2026, de 22 de abril, por el que se regula el Plan Estatal de Vivienda 2026-2030. Agencia Estatal Boletín Oficial del Estado Ir a contenido…",
F18,current,BOE-A-2025-76,False,True,https://www.boe.es/diario_boe/txt.php?id=BOE-A-2025-76,…udicial del acuerdo alcanzado. El artículo 5 especifica que no se exigirá actividad negociadora previa como requisito de procedibilidad cuando se pretenda iniciar un procedimiento para la tutela…,
F18,current,BOE-A-2025-76,False,True,https://www.boe.es/diario_boe/txt.php?id=BOE-A-2025-76,….» Disposición final trigésima octava. Entrada en vigor. 1. La presente ley entrará en vigor a los tres meses de su publicación en el Boletín oficial del Estado. 2. El título I; la dispos…,
F19,current,BOE-A-2025-76,False,True,https://www.boe.es/diario_boe/txt.php?id=BOE-A-2025-76,"…de Instrucción y Secciones de Violencia sobre la Mujer. 3.º El día 31 de diciembre de 2025, los restantes Juzgados, no comprendidos en los supuestos anteriores, se transformarán en las respectivas Secciones conforme a lo previsto en la presente ley. Hasta la definit…",
F20,current,BOE-A-2025-26698,False,True,https://www.boe.es/diario_boe/txt.php?id=BOE-A-2025-26698,"…o que el 95 % de las solicitudes de atención personalizadas sean atendidas, de media, en un plazo inferior a tres minutos desde que la clientela efectúe la solicitud. 3. En caso de…",
F20,current,BOE-A-2025-26698,False,True,https://www.boe.es/diario_boe/txt.php?id=BOE-A-2025-26698,…sas incluidas en el ámbito de aplicación de la presente ley deberán adaptar sus servicios de atención a la clientela a las disposiciones de la misma en el plazo de doce meses desde su entrada en vigor. 2. En el caso de las entidades sin ánimo de lucro referida…,
F21,current,BOE-A-2007-20555,True,True,https://www.boe.es/datosabiertos/api/legislacion-consolidada/id/BOE-A-2007-20555/texto,"…as reclamaciones recibidas en el plazo más breve posible y, en todo caso, en el plazo máximo de quince días desde la presentación de la reclamación. 4. En el supuesto de que el empresario no hubiera resuelto…",
F21,current,BOE-A-2025-26698,False,True,https://www.boe.es/diario_boe/txt.php?id=BOE-A-2025-26698,"…s breve posible en función de la naturaleza del problema y, en todo caso, en el plazo máximo de quince días hábiles desde su presentación, salvo que la normativa sectorial establezca un plazo disti…",
F21,old,BOE-A-2007-20555,True,True,https://www.boe.es/datosabiertos/api/legislacion-consolidada/id/BOE-A-2007-20555/texto,"…as reclamaciones recibidas en el plazo más breve posible y, en todo caso, en el plazo máximo de un mes desde la presentación de la reclamación. 4. En el supuesto de que el empresario no hubiera resuelto…",
F22,current,BOE-A-2025-26698,False,True,https://www.boe.es/diario_boe/txt.php?id=BOE-A-2025-26698,"…entre las partes. No obstante, se considera fundamental que la clientela pueda acceder, si así lo desea, a una atención personalizada por parte de la empresa, que deberá ser prestada por personas formadas para ello. Con independencia de los medios elegido…",
F23,current,BOE-A-2021-4194,True,True,https://www.boe.es/datosabiertos/api/legislacion-consolidada/id/BOE-A-2021-4194/texto,"…ehículos antes de la entrada en vigor de este real decreto. Hasta el 1 de enero de 2026 se podrán seguir utilizando como señal V-16, en los supuestos contemplados en el Reglamento General de…",
F24,current,BOE-A-2025-15424,False,True,https://www.boe.es/diario_boe/txt.php?id=BOE-A-2025-15424,"…previsto en el artículo 49.2 del mismo texto refundido. 2. Lo establecido en la disposición adicional primera entrará en vigor el 2 de enero de 2026, salvo que la norma reglamentaria del Consejo de Ministros…",
F24,current,BOE-A-2025-15424,False,True,https://www.boe.es/diario_boe/txt.php?id=BOE-A-2025-15424,"…los a motor que tenga su estacionamiento habitual en España estará obligado a suscribir y mantener en vigor un contrato de seguro por cada vehículo de que sea titular, que cubra hasta la cu…",
F25,current,BOE-A-2026-6544,False,True,https://www.boe.es/diario_boe/txt.php?id=BOE-A-2026-6544,"…vilidad Sostenible, que quedan queda redactados como sigue: «1. En el plazo de doce meses desde la entrada en vigor de esta ley, las empresas y las entidades pertenecientes al sector público de acuerdo…",
F25,current,BOE-A-2026-7125,False,True,https://www.boe.es/diario_boe/txt.php?id=BOE-A-2026-7125,"…el Congreso de los Diputados, en su sesión del día de hoy, acordó convalidar el Real Decreto-ley 7/2026, de 20 de marzo, por el que se aprueba el Plan Integral de…",
F25,old,BOE-A-2025-24545,False,True,https://www.boe.es/diario_boe/txt.php?id=BOE-A-2025-24545,"…5, de 1 de octubre, de Régimen Jurídico del Sector Público, deberán disponer de planes de movilidad sostenible al trabajo para aquellos centros de trabajo con más de 200 personas trabajadoras o 100 por turno cuyo centro de trabajo habitual sea dicho centro de activid…",
F26,current,BOE-A-2025-24446,False,True,https://www.boe.es/diario_boe/txt.php?id=BOE-A-2025-24446,…s obligados tributarios a que se refiere el artículo 3.1.a) deberán tener adaptados los sistemas informáticos a las características y requisitos establecidos en este reglamento y en su normativa de desarrollo antes del 1 de enero de 2027. El resto de obligados tributarios mencionados en el artícu…,
F26,old,BOE-A-2023-24840,True,True,https://www.boe.es/datosabiertos/api/legislacion-consolidada/id/BOE-A-2023-24840/texto,…cen en el citado reglamento y en su normativa de desarrollo antes del 1 de enero de 2026. El resto de obligados tributarios mencionados en el artícu…,
F27,current,BOE-A-2025-24446,False,True,https://www.boe.es/diario_boe/txt.php?id=BOE-A-2025-24446,"…en su normativa de desarrollo antes del 1 de enero de 2027. El resto de obligados tributarios mencionados en el artículo 3.1 deberán tener operativos los citados sistemas informáticos antes del 1 de julio de 2027. Los obligados tributarios del artículo 3.2, en relación co…",
F27,old,BOE-A-2023-24840,True,True,https://www.boe.es/datosabiertos/api/legislacion-consolidada/id/BOE-A-2023-24840/texto,…cen en el citado reglamento y en su normativa de desarrollo antes del 1 de julio de 2026. Los obligados tributarios a que se refiere el artículo 3.2…,
F28,current,BOE-A-2026-7295,False,True,https://www.boe.es/diario_boe/txt.php?id=BOE-A-2026-7295,"…prevista en el apartado 1 de la disposición final tercera: a) Doce meses después, para los empresarios y profesionales cuyo volumen de operaciones, calculado conforme al artículo 121 de la Ley 37/1992, de 2…",
F28,current,BOE-A-2026-7295,False,True,https://www.boe.es/diario_boe/txt.php?id=BOE-A-2026-7295,"…illones de euros durante el año natural inmediato anterior. b) Veinticuatro meses después, para el resto de los empresarios y profesionales. 2. Lo dispuesto en los artículos 6, 8, 9 y 13, en lo relat…",
