area,snapshot,period,active,shows_national,shows_national_pct,national_TU,national_NT,national_other_prefix,national_only_TU,non_tourist,regional_exempt_statement,regional_exempt_seasonal,nt_with_regional_exempt
barcelona,2026-03-21,before,9575,7007,73.2,5188,1724,95,668,1627,685,0,638
barcelona,2026-06-24,after,9666,7584,78.5,5555,1952,77,125,1837,1617,1616,1458
girona,2026-03-31,before,11505,8546,74.3,8381,74,91,572,14,4,0,2
girona,2026-06-30,after,13481,10477,77.7,10159,172,146,164,69,70,66,51
valencia,2026-03-28,before,4123,2737,66.4,2334,351,52,88,206,2,0,0
valencia,2026-06-26,after,6219,4586,73.7,2850,1649,87,73,1393,1246,1240,1132
malaga,2026-03-31,before,6525,5028,77.1,4971,25,32,87,8,18,0,0
malaga,2026-06-30,after,7541,5672,75.2,5541,97,34,25,57,87,2,50
sevilla,2026-03-31,before,5972,4243,71.0,4198,35,10,61,5,15,0,0
sevilla,2026-06-30,after,6706,4553,67.9,4467,76,10,17,31,74,0,24
madrid,2026-03-24,before,15238,7993,52.5,1413,6398,182,421,5619,73,0,0
madrid,2026-06-20,after,15782,9516,60.3,1668,7659,189,436,6634,6754,6677,5623
