quarter,source_file,code,province,0-150k,150-300k,300-450k,450-600k,600-750k,750-900k,900-1050k,over-1050k,total
2021Q1,340101l0_20211005195153.XLS,00,Spain,82766,37512,9831,3092,1232,678,323,927,136361
2021Q1,340101l0_20211005195153.XLS,01,Araba/Álava,306,440,86,13,3,0,1,1,850
2021Q1,340101l0_20211005195153.XLS,02,Albacete,745,170,8,1,1,0,0,0,925
2021Q1,340101l0_20211005195153.XLS,03,Alicante,5585,1998,413,103,43,15,16,23,8196
2021Q1,340101l0_20211005195153.XLS,04,Almería,2292,354,40,11,1,1,0,2,2701
2021Q1,340101l0_20211005195153.XLS,05,Ávila,480,41,2,1,0,0,0,0,524
2021Q1,340101l0_20211005195153.XLS,06,Badajoz,1448,121,10,2,1,37,0,0,1619
2021Q1,340101l0_20211005195153.XLS,07,Illes Balears,1131,1154,398,180,77,51,35,133,3159
2021Q1,340101l0_20211005195153.XLS,08,Barcelona,5363,6294,2078,551,208,108,52,92,14746
2021Q1,340101l0_20211005195153.XLS,09,Burgos,930,266,12,1,1,0,0,0,1210
2021Q1,340101l0_20211005195153.XLS,10,Cáceres,837,101,2,7,0,13,0,23,983
2021Q1,340101l0_20211005195153.XLS,11,Cádiz,2427,801,117,30,14,10,6,15,3420
2021Q1,340101l0_20211005195153.XLS,12,Castellón,1974,274,18,12,1,1,0,3,2283
2021Q1,340101l0_20211005195153.XLS,13,Ciudad Real,1068,76,8,0,0,0,0,0,1152
2021Q1,340101l0_20211005195153.XLS,14,Córdoba,1485,343,57,4,1,1,0,1,1892
2021Q1,340101l0_20211005195153.XLS,15,A Coruña,1569,435,96,21,10,5,0,2,2138
2021Q1,340101l0_20211005195153.XLS,16,Cuenca,415,21,0,0,0,0,0,1,437
2021Q1,340101l0_20211005195153.XLS,17,Girona,1598,883,218,61,31,19,6,25,2841
2021Q1,340101l0_20211005195153.XLS,18,Granada,2274,515,54,16,1,2,3,2,2867
2021Q1,340101l0_20211005195153.XLS,19,Guadalajara,744,242,9,0,1,0,0,0,996
2021Q1,340101l0_20211005195153.XLS,20,Gipuzkoa,632,775,322,142,53,22,1,12,1959
2021Q1,340101l0_20211005195153.XLS,21,Huelva,1325,277,21,2,1,0,1,2,1629
2021Q1,340101l0_20211005195153.XLS,22,Huesca,453,144,5,1,1,0,0,0,604
2021Q1,340101l0_20211005195153.XLS,23,Jaén,1298,120,5,1,0,0,0,1,1425
2021Q1,340101l0_20211005195153.XLS,24,León,917,123,10,0,1,0,0,0,1051
2021Q1,340101l0_20211005195153.XLS,25,Lleida,993,225,34,8,7,0,3,4,1274
2021Q1,340101l0_20211005195153.XLS,26,La Rioja,770,166,16,0,1,0,1,0,954
2021Q1,340101l0_20211005195153.XLS,27,Lugo,698,80,6,1,0,0,0,4,789
2021Q1,340101l0_20211005195153.XLS,28,Madrid,6484,7186,3118,1262,515,276,112,379,19332
2021Q1,340101l0_20211005195153.XLS,29,Málaga,2992,2518,837,215,101,56,35,140,6894
2021Q1,340101l0_20211005195153.XLS,30,Murcia,3905,728,73,18,4,1,0,2,4731
2021Q1,340101l0_20211005195153.XLS,31,Navarra,904,666,152,13,6,5,1,1,1748
2021Q1,340101l0_20211005195153.XLS,32,Ourense,413,64,3,1,0,0,0,0,481
2021Q1,340101l0_20211005195153.XLS,33,Asturias,2018,519,52,9,6,0,2,0,2606
2021Q1,340101l0_20211005195153.XLS,34,Palencia,345,63,2,0,0,0,0,0,410
2021Q1,340101l0_20211005195153.XLS,35,Las Palmas,1813,682,139,65,27,8,20,7,2761
2021Q1,340101l0_20211005195153.XLS,36,Pontevedra,1114,466,59,9,5,0,1,1,1655
2021Q1,340101l0_20211005195153.XLS,37,Salamanca,669,159,8,1,0,0,0,1,838
2021Q1,340101l0_20211005195153.XLS,38,Santa Cruz de Tenerife,1541,630,96,25,17,8,8,10,2335
2021Q1,340101l0_20211005195153.XLS,39,Cantabria,1167,453,94,13,4,3,1,3,1738
2021Q1,340101l0_20211005195153.XLS,40,Segovia,353,110,9,1,1,1,0,0,475
2021Q1,340101l0_20211005195153.XLS,41,Sevilla,3384,1370,175,51,16,7,3,7,5013
2021Q1,340101l0_20211005195153.XLS,42,Soria,182,23,4,0,0,0,0,0,209
2021Q1,340101l0_20211005195153.XLS,43,Tarragona,2388,869,92,14,6,6,1,4,3380
2021Q1,340101l0_20211005195153.XLS,44,Teruel,316,41,1,0,0,0,0,0,358
2021Q1,340101l0_20211005195153.XLS,45,Toledo,1989,266,13,1,0,0,0,0,2269
2021Q1,340101l0_20211005195153.XLS,46,Valencia,6277,1652,277,65,28,6,6,12,8323
2021Q1,340101l0_20211005195153.XLS,47,Valladolid,1085,353,18,2,0,0,0,2,1460
2021Q1,340101l0_20211005195153.XLS,48,Bizkaia,1220,1445,384,120,35,12,6,9,3231
2021Q1,340101l0_20211005195153.XLS,49,Zamora,420,23,1,0,0,0,0,0,444
2021Q1,340101l0_20211005195153.XLS,50,Zaragoza,1845,665,156,35,3,3,2,3,2712
2021Q1,340101l0_20211005195153.XLS,51,Ceuta,83,62,7,2,0,0,0,0,154
2021Q1,340101l0_20211005195153.XLS,52,Melilla,102,60,16,1,0,1,0,0,180
2022Q1,340101l0_20230116105232.XLS,00,Spain,99563,47050,13003,4524,1947,1051,535,1584,169257
2022Q1,340101l0_20230116105232.XLS,01,Araba/Álava,367,463,92,18,6,0,1,1,948
2022Q1,340101l0_20230116105232.XLS,02,Albacete,860,199,8,1,0,1,0,0,1069
2022Q1,340101l0_20230116105232.XLS,03,Alicante,8580,3129,798,247,114,51,18,47,12984
2022Q1,340101l0_20230116105232.XLS,04,Almería,2934,499,65,15,2,2,0,0,3517
2022Q1,340101l0_20230116105232.XLS,05,Ávila,652,57,5,1,0,1,0,0,716
2022Q1,340101l0_20230116105232.XLS,06,Badajoz,1466,157,11,0,1,0,0,0,1635
2022Q1,340101l0_20230116105232.XLS,07,Illes Balears,1118,1853,713,320,162,223,63,296,4748
2022Q1,340101l0_20230116105232.XLS,08,Barcelona,5957,7051,2508,691,292,142,70,185,16896
2022Q1,340101l0_20230116105232.XLS,09,Burgos,1044,342,21,6,2,2,2,0,1419
2022Q1,340101l0_20230116105232.XLS,10,Cáceres,1272,94,5,0,0,0,0,0,1371
2022Q1,340101l0_20230116105232.XLS,11,Cádiz,2846,909,188,97,22,22,10,25,4119
2022Q1,340101l0_20230116105232.XLS,12,Castellón,2220,272,49,3,2,0,0,4,2550
2022Q1,340101l0_20230116105232.XLS,13,Ciudad Real,1309,80,4,0,0,0,1,1,1395
2022Q1,340101l0_20230116105232.XLS,14,Córdoba,1701,435,45,13,1,0,0,2,2197
2022Q1,340101l0_20230116105232.XLS,15,A Coruña,1953,524,139,28,4,6,0,4,2658
2022Q1,340101l0_20230116105232.XLS,16,Cuenca,528,27,1,0,0,0,0,1,557
2022Q1,340101l0_20230116105232.XLS,17,Girona,1879,1238,349,124,62,25,39,36,3752
2022Q1,340101l0_20230116105232.XLS,18,Granada,2683,755,105,22,7,5,1,13,3591
2022Q1,340101l0_20230116105232.XLS,19,Guadalajara,775,307,19,3,2,0,0,0,1106
2022Q1,340101l0_20230116105232.XLS,20,Gipuzkoa,581,737,318,120,85,15,11,15,1882
2022Q1,340101l0_20230116105232.XLS,21,Huelva,1595,294,24,7,0,2,0,0,1922
2022Q1,340101l0_20230116105232.XLS,22,Huesca,687,186,9,1,0,0,0,0,883
2022Q1,340101l0_20230116105232.XLS,23,Jaén,1628,136,24,0,0,1,0,0,1789
2022Q1,340101l0_20230116105232.XLS,24,León,1093,184,15,3,2,0,0,1,1298
2022Q1,340101l0_20230116105232.XLS,25,Lleida,1076,263,58,17,3,4,4,1,1426
2022Q1,340101l0_20230116105232.XLS,26,La Rioja,984,235,14,4,2,0,0,2,1241
2022Q1,340101l0_20230116105232.XLS,27,Lugo,711,106,3,0,0,0,0,0,820
2022Q1,340101l0_20230116105232.XLS,28,Madrid,7689,8290,3572,1664,791,311,192,580,23089
2022Q1,340101l0_20230116105232.XLS,29,Málaga,4001,3809,1245,516,210,140,79,265,10265
2022Q1,340101l0_20230116105232.XLS,30,Murcia,4966,864,113,18,5,2,1,3,5972
2022Q1,340101l0_20230116105232.XLS,31,Navarra,847,833,247,27,6,3,0,1,1964
2022Q1,340101l0_20230116105232.XLS,32,Ourense,497,75,7,1,1,0,0,0,581
2022Q1,340101l0_20230116105232.XLS,33,Asturias,2506,707,81,23,6,2,1,5,3331
2022Q1,340101l0_20230116105232.XLS,34,Palencia,369,53,1,1,0,0,0,0,424
2022Q1,340101l0_20230116105232.XLS,35,Las Palmas,2631,1250,238,63,18,11,7,20,4238
2022Q1,340101l0_20230116105232.XLS,36,Pontevedra,1265,506,89,34,5,2,2,0,1903
2022Q1,340101l0_20230116105232.XLS,37,Salamanca,770,249,30,8,0,0,0,2,1059
2022Q1,340101l0_20230116105232.XLS,38,Santa Cruz de Tenerife,1947,1042,214,60,26,22,10,19,3340
2022Q1,340101l0_20230116105232.XLS,39,Cantabria,1390,606,99,24,6,5,1,12,2143
2022Q1,340101l0_20230116105232.XLS,40,Segovia,467,128,11,0,2,1,0,0,609
2022Q1,340101l0_20230116105232.XLS,41,Sevilla,3961,1475,225,72,18,11,5,5,5772
2022Q1,340101l0_20230116105232.XLS,42,Soria,283,124,0,0,0,0,0,0,407
2022Q1,340101l0_20230116105232.XLS,43,Tarragona,2625,1070,147,24,5,1,0,4,3876
2022Q1,340101l0_20230116105232.XLS,44,Teruel,358,73,2,1,1,0,0,0,435
2022Q1,340101l0_20230116105232.XLS,45,Toledo,2715,463,17,4,0,0,2,2,3203
2022Q1,340101l0_20230116105232.XLS,46,Valencia,6734,2016,403,90,24,12,7,5,9291
2022Q1,340101l0_20230116105232.XLS,47,Valladolid,1077,478,55,3,1,1,1,1,1617
2022Q1,340101l0_20230116105232.XLS,48,Bizkaia,1284,1535,422,132,44,24,7,23,3471
2022Q1,340101l0_20230116105232.XLS,49,Zamora,445,25,1,0,0,0,0,0,471
2022Q1,340101l0_20230116105232.XLS,50,Zaragoza,2072,687,165,15,6,1,0,3,2949
2022Q1,340101l0_20230116105232.XLS,51,Ceuta,70,87,15,2,0,0,0,0,174
2022Q1,340101l0_20230116105232.XLS,52,Melilla,95,73,14,1,1,0,0,0,184
2025Q1,340101l0_20251006131616.XLS,00,Spain,94082,55756,16155,5954,2601,1431,806,2221,179006
2025Q1,340101l0_20251006131616.XLS,01,Araba/Álava,294,482,116,28,10,2,0,1,933
2025Q1,340101l0_20251006131616.XLS,02,Albacete,930,231,21,0,1,0,0,2,1185
2025Q1,340101l0_20251006131616.XLS,03,Alicante,7960,4195,1158,431,155,63,43,88,14093
2025Q1,340101l0_20251006131616.XLS,04,Almería,3114,959,128,20,6,1,1,1,4230
2025Q1,340101l0_20251006131616.XLS,05,Ávila,692,107,12,2,0,0,2,1,816
2025Q1,340101l0_20251006131616.XLS,06,Badajoz,1599,245,21,2,0,1,0,1,1869
2025Q1,340101l0_20251006131616.XLS,07,Illes Balears,738,1463,782,340,187,112,66,259,3947
2025Q1,340101l0_20251006131616.XLS,08,Barcelona,5450,7894,2978,1003,369,211,118,238,18261
2025Q1,340101l0_20251006131616.XLS,09,Burgos,1114,301,29,3,3,0,0,0,1450
2025Q1,340101l0_20251006131616.XLS,10,Cáceres,1252,172,19,13,0,0,1,3,1460
2025Q1,340101l0_20251006131616.XLS,11,Cádiz,2648,1211,222,84,38,9,14,40,4266
2025Q1,340101l0_20251006131616.XLS,12,Castellón,3120,467,51,23,4,1,0,3,3669
2025Q1,340101l0_20251006131616.XLS,13,Ciudad Real,1691,110,14,0,0,0,1,2,1818
2025Q1,340101l0_20251006131616.XLS,14,Córdoba,2212,543,102,20,5,2,1,2,2887
2025Q1,340101l0_20251006131616.XLS,15,A Coruña,2131,704,153,52,13,6,0,7,3066
2025Q1,340101l0_20251006131616.XLS,16,Cuenca,561,60,1,0,0,0,0,0,622
2025Q1,340101l0_20251006131616.XLS,17,Girona,1505,1370,343,131,45,33,9,56,3492
2025Q1,340101l0_20251006131616.XLS,18,Granada,2678,1001,168,26,8,3,3,9,3896
2025Q1,340101l0_20251006131616.XLS,19,Guadalajara,665,493,51,5,1,0,0,0,1215
2025Q1,340101l0_20251006131616.XLS,20,Gipuzkoa,543,991,415,126,71,43,22,45,2256
2025Q1,340101l0_20251006131616.XLS,21,Huelva,1505,421,49,12,4,0,0,3,1994
2025Q1,340101l0_20251006131616.XLS,22,Huesca,634,271,44,9,0,1,0,0,959
2025Q1,340101l0_20251006131616.XLS,23,Jaén,1929,199,11,2,0,1,0,0,2142
2025Q1,340101l0_20251006131616.XLS,24,León,1412,377,25,10,3,1,0,0,1828
2025Q1,340101l0_20251006131616.XLS,25,Lleida,1274,257,57,23,16,3,2,7,1639
2025Q1,340101l0_20251006131616.XLS,26,La Rioja,959,335,38,3,3,1,0,2,1341
2025Q1,340101l0_20251006131616.XLS,27,Lugo,866,120,14,2,1,0,0,1,1004
2025Q1,340101l0_20251006131616.XLS,28,Madrid,4452,8692,3641,1838,970,600,332,1007,21532
2025Q1,340101l0_20251006131616.XLS,29,Málaga,2382,3503,1686,796,329,170,91,311,9268
2025Q1,340101l0_20251006131616.XLS,30,Murcia,5150,1394,313,60,11,6,5,3,6942
2025Q1,340101l0_20251006131616.XLS,31,Navarra,850,871,224,55,23,5,2,1,2031
2025Q1,340101l0_20251006131616.XLS,32,Ourense,724,102,11,7,0,1,0,1,846
2025Q1,340101l0_20251006131616.XLS,33,Asturias,2984,956,149,34,12,7,4,8,4154
2025Q1,340101l0_20251006131616.XLS,34,Palencia,464,68,8,1,1,0,0,1,543
2025Q1,340101l0_20251006131616.XLS,35,Las Palmas,1633,1398,277,101,38,23,4,14,3488
2025Q1,340101l0_20251006131616.XLS,36,Pontevedra,1229,791,136,50,15,13,2,6,2242
2025Q1,340101l0_20251006131616.XLS,37,Salamanca,864,302,50,11,1,1,0,1,1230
2025Q1,340101l0_20251006131616.XLS,38,Santa Cruz de Tenerife,1225,1329,325,88,35,24,22,25,3073
2025Q1,340101l0_20251006131616.XLS,39,Cantabria,1289,883,289,44,17,9,19,9,2559
2025Q1,340101l0_20251006131616.XLS,40,Segovia,515,207,25,2,0,1,1,1,752
2025Q1,340101l0_20251006131616.XLS,41,Sevilla,3849,1893,320,76,29,8,8,15,6198
2025Q1,340101l0_20251006131616.XLS,42,Soria,294,47,9,0,0,0,0,0,350
2025Q1,340101l0_20251006131616.XLS,43,Tarragona,2765,1284,209,38,7,3,1,6,4313
2025Q1,340101l0_20251006131616.XLS,44,Teruel,390,53,2,0,0,0,0,0,445
2025Q1,340101l0_20251006131616.XLS,45,Toledo,2795,739,54,19,1,1,0,3,3612
2025Q1,340101l0_20251006131616.XLS,46,Valencia,5825,2721,622,162,82,34,18,19,9483
2025Q1,340101l0_20251006131616.XLS,47,Valladolid,1147,649,131,17,3,1,0,1,1949
2025Q1,340101l0_20251006131616.XLS,48,Bizkaia,1012,1647,474,153,80,28,14,18,3426
2025Q1,340101l0_20251006131616.XLS,49,Zamora,545,51,0,0,0,0,0,0,596
2025Q1,340101l0_20251006131616.XLS,50,Zaragoza,2056,1047,152,27,4,2,0,0,3288
2025Q1,340101l0_20251006131616.XLS,51,Ceuta,79,77,13,2,0,0,0,0,171
2025Q1,340101l0_20251006131616.XLS,52,Melilla,88,73,13,3,0,0,0,0,177
2026Q1,340101l0.XLS,00,Spain,77139,57508,18592,6126,2857,1402,803,2215,166642
2026Q1,340101l0.XLS,01,Araba/Álava,209,584,141,18,8,4,0,1,965
2026Q1,340101l0.XLS,02,Albacete,870,293,42,4,1,0,0,0,1210
2026Q1,340101l0.XLS,03,Alicante,5877,4298,1380,440,198,91,48,108,12440
2026Q1,340101l0.XLS,04,Almería,2511,852,164,26,9,2,3,1,3568
2026Q1,340101l0.XLS,05,Ávila,596,148,7,0,1,1,1,1,755
2026Q1,340101l0.XLS,06,Badajoz,1667,253,29,8,1,0,0,2,1960
2026Q1,340101l0.XLS,07,Illes Balears,456,1261,806,366,190,117,79,258,3533
2026Q1,340101l0.XLS,08,Barcelona,4131,7512,3370,1121,432,195,109,213,17083
2026Q1,340101l0.XLS,09,Burgos,1011,478,49,4,1,1,0,0,1544
2026Q1,340101l0.XLS,10,Cáceres,1215,262,17,1,1,0,0,0,1496
2026Q1,340101l0.XLS,11,Cádiz,2069,1353,319,101,48,23,11,50,3974
2026Q1,340101l0.XLS,12,Castellón,2103,712,87,20,5,2,2,4,2935
2026Q1,340101l0.XLS,13,Ciudad Real,1810,150,12,0,1,0,0,0,1973
2026Q1,340101l0.XLS,14,Córdoba,2119,373,72,23,8,2,1,0,2598
2026Q1,340101l0.XLS,15,A Coruña,1662,887,239,50,15,8,3,7,2871
2026Q1,340101l0.XLS,16,Cuenca,661,105,3,2,0,0,0,0,771
2026Q1,340101l0.XLS,17,Girona,1261,1450,464,136,64,30,20,76,3501
2026Q1,340101l0.XLS,18,Granada,2187,1103,243,30,10,3,4,6,3586
2026Q1,340101l0.XLS,19,Guadalajara,509,565,71,9,0,0,0,1,1155
2026Q1,340101l0.XLS,20,Gipuzkoa,432,949,442,154,74,40,19,39,2149
2026Q1,340101l0.XLS,21,Huelva,1265,470,68,17,3,1,1,0,1825
2026Q1,340101l0.XLS,22,Huesca,518,307,33,6,1,1,1,1,868
2026Q1,340101l0.XLS,23,Jaén,2077,213,15,4,0,0,0,0,2309
2026Q1,340101l0.XLS,24,León,1379,396,42,5,0,0,0,0,1822
2026Q1,340101l0.XLS,25,Lleida,1065,313,56,22,7,6,1,5,1475
2026Q1,340101l0.XLS,26,La Rioja,925,423,37,3,3,0,1,0,1392
2026Q1,340101l0.XLS,27,Lugo,820,185,15,4,1,0,0,1,1026
2026Q1,340101l0.XLS,28,Madrid,2599,8331,3976,1710,1029,554,314,1000,19513
2026Q1,340101l0.XLS,29,Málaga,1570,2863,1581,655,333,148,82,301,7533
2026Q1,340101l0.XLS,30,Murcia,4357,1609,320,70,16,5,5,3,6385
2026Q1,340101l0.XLS,31,Navarra,630,722,306,58,7,2,0,0,1725
2026Q1,340101l0.XLS,32,Ourense,634,166,22,3,0,0,1,0,826
2026Q1,340101l0.XLS,33,Asturias,2442,1128,229,51,18,8,7,8,3891
2026Q1,340101l0.XLS,34,Palencia,454,112,6,0,1,0,0,0,573
2026Q1,340101l0.XLS,35,Las Palmas,1349,1412,441,120,35,19,10,10,3396
2026Q1,340101l0.XLS,36,Pontevedra,870,828,147,41,13,7,3,7,1916
2026Q1,340101l0.XLS,37,Salamanca,789,334,53,7,0,0,0,0,1183
2026Q1,340101l0.XLS,38,Santa Cruz de Tenerife,843,1280,357,80,37,14,23,19,2653
2026Q1,340101l0.XLS,39,Cantabria,901,985,305,87,28,9,3,13,2331
2026Q1,340101l0.XLS,40,Segovia,383,206,47,5,1,1,0,2,645
2026Q1,340101l0.XLS,41,Sevilla,3363,2010,471,137,39,19,12,16,6067
2026Q1,340101l0.XLS,42,Soria,238,73,4,2,0,0,0,0,317
2026Q1,340101l0.XLS,43,Tarragona,2186,1449,277,44,13,9,5,1,3984
2026Q1,340101l0.XLS,44,Teruel,437,62,16,2,0,0,0,0,517
2026Q1,340101l0.XLS,45,Toledo,2746,931,64,10,5,1,1,3,3761
2026Q1,340101l0.XLS,46,Valencia,4795,3508,802,225,95,35,19,35,9514
2026Q1,340101l0.XLS,47,Valladolid,944,645,140,27,3,2,0,2,1763
2026Q1,340101l0.XLS,48,Bizkaia,659,1619,556,159,78,36,14,18,3139
2026Q1,340101l0.XLS,49,Zamora,551,75,6,3,0,0,0,0,635
2026Q1,340101l0.XLS,50,Zaragoza,1838,1135,218,53,17,6,0,2,3269
2026Q1,340101l0.XLS,51,Ceuta,82,66,11,2,5,0,0,0,166
2026Q1,340101l0.XLS,52,Melilla,74,64,14,1,2,0,0,1,156
