id,surface,fragment,key,fmt,unit,population,denominator,period,caveat,quantifier,condition,note
row-n,row,"Of 84,789 dwellings",primary.dwellings_in_extent,int,dwellings,"dwellings (Catastro numberOfDwellings) in buildings whose footprint touches the Copernicus EMSR773 extent, province of Valencia",none (a count),flood of 29 Oct 2024; Catastro buildings of 21 Aug 2026; ARPSI maps of 20 Dec 2024,,,,
row-date,row,the October 2024 Valencia flood,text.event_month,,month of the event,DANA of 29 October 2024,none (a date),29 Oct 2024,,,,
row-out-n,row,"43,359 (51.1%) lay outside every official",primary.dwellings_by_status.outside every official zone,int,dwellings,"dwellings (Catastro numberOfDwellings) in buildings whose footprint touches the Copernicus EMSR773 extent, province of Valencia; outside all ARPSI T10/T100/T500 and PATRICOVA zones, reference rule",none (a count),flood of 29 Oct 2024; Catastro buildings of 21 Aug 2026; ARPSI maps of 20 Dec 2024,,every,primary.dwellings_in_extent - `primary.dwellings_by_status.SNCZI T100 or T10` - `primary.dwellings_by_status.SNCZI T500 (not T100)` - `primary.dwellings_by_status.PATRICOVA levels 1-6 only` - `primary.dwellings_by_status.PATRICOVA geomorphological only` == `primary.dwellings_by_status.outside every official zone`,
row-out-share,row,"43,359 (51.1%) lay outside every official",primary.share_outside_all_zones,pct1,share of dwellings,"dwellings (Catastro numberOfDwellings) in buildings whose footprint touches the Copernicus EMSR773 extent, province of Valencia","all dwellings in the Copernicus extent (84,789)",flood of 29 Oct 2024; Catastro buildings of 21 Aug 2026; ARPSI maps of 20 Dec 2024,,,,
row-built,row,"1,776 were in buildings dated 2017–2024",primary.dwellings_by_band.2017-2024,int,dwellings,"dwellings (Catastro numberOfDwellings) in buildings whose footprint touches the Copernicus EMSR773 extent, province of Valencia; Catastro construction year 2017–2024",none (a count),flood of 29 Oct 2024; Catastro buildings of 21 Aug 2026; ARPSI maps of 20 Dec 2024,,,,
row-range-lo,row,the share outside is 39–62%,ranges.headline_dwellings.0,pp0,"percentage of dwellings (lower bound: Generalitat footprint, reference rule)","dwellings (Catastro numberOfDwellings) in buildings whose footprint touches the Copernicus EMSR773 extent, province of Valencia or dwellings in buildings whose footprint touches the Generalitat's flood footprint (HuellaInundacion)",dwellings inside each of the two extents,across 2 extents x 3 rules; flood of 29 Oct 2024; Catastro buildings of 21 Aug 2026; ARPSI maps of 20 Dec 2024,,,,
row-range-hi,row,the share outside is 39–62%,ranges.headline_dwellings.1,pp0,"percentage of dwellings (upper bound: Copernicus extent, centroid in envelope)","dwellings (Catastro numberOfDwellings) in buildings whose footprint touches the Copernicus EMSR773 extent, province of Valencia",dwellings inside the Copernicus extent,across 2 extents x 3 rules; flood of 29 Oct 2024; Catastro buildings of 21 Aug 2026; ARPSI maps of 20 Dec 2024,,,,
row-two-three,row,Across two flood outlines and three counting rules,,,count of methodological variants,"extents (Copernicus, Generalitat) and zone rules (envfp, envct, fp)",none (a count),flood of 29 Oct 2024; Catastro buildings of 21 Aug 2026; ARPSI maps of 20 Dec 2024,,,,
abs-date,readme_abstract,29 October 2024,text.event_date,,date of the event,DANA in the province of Valencia,none (a date),29 Oct 2024,,,,
pap-date,paper_abstract,29 October 2024,text.event_date,,date of the event,DANA in the province of Valencia,none (a date),29 Oct 2024,,,,
abs-rd638,readme_abstract,Real Decreto 638/2016 limited building in flood zones,text.rd638,,legal citation (number/year),RD 638/2016,none (a citation),BOE 31 Dec 2016,,,,references.csv rd638
pap-rd638,paper_abstract,Real Decreto 638/2016 limited building in flood zones,text.rd638,,legal citation (number/year),RD 638/2016,none (a citation),BOE 31 Dec 2016,,,,references.csv rd638
abs-rd903,readme_abstract,"(ARPSI, RD 903/2010; 10, 100 and 500 years)",text.rd903,,legal citation (number/year),ARPSI hazard maps,none (a citation),RD 903/2010,,,,references.csv rd903
abs-rd903-t0,readme_abstract,"(ARPSI, RD 903/2010; 10, 100 and 500 years)",text.return_periods_years.0,int,years (return period),ARPSI hazard maps,none (a parameter),RD 903/2010,,,,
abs-rd903-t1,readme_abstract,"(ARPSI, RD 903/2010; 10, 100 and 500 years)",text.return_periods_years.1,int,years (return period),ARPSI hazard maps,none (a parameter),RD 903/2010,,,,
abs-rd903-t2,readme_abstract,"(ARPSI, RD 903/2010; 10, 100 and 500 years)",text.return_periods_years.2,int,years (return period),ARPSI hazard maps,none (a parameter),RD 903/2010,,,,
pap-rd903,paper_abstract,"(ARPSI, Real Decreto 903/2010; return periods of 10, 100 and 500 years)",text.rd903,,legal citation (number/year),ARPSI hazard maps,none (a citation),RD 903/2010,,,,references.csv rd903
pap-rd903-t0,paper_abstract,"(ARPSI, Real Decreto 903/2010; return periods of 10, 100 and 500 years)",text.return_periods_years.0,int,years (return period),ARPSI hazard maps,none (a parameter),RD 903/2010,,,,
pap-rd903-t1,paper_abstract,"(ARPSI, Real Decreto 903/2010; return periods of 10, 100 and 500 years)",text.return_periods_years.1,int,years (return period),ARPSI hazard maps,none (a parameter),RD 903/2010,,,,
pap-rd903-t2,paper_abstract,"(ARPSI, Real Decreto 903/2010; return periods of 10, 100 and 500 years)",text.return_periods_years.2,int,years (return period),ARPSI hazard maps,none (a parameter),RD 903/2010,,,,
abs-n,readme_abstract,"Of the 84,789 dwellings inside the flood extent mapped by Copernicus EMS",primary.dwellings_in_extent,int,dwellings,"dwellings (Catastro numberOfDwellings) in buildings whose footprint touches the Copernicus EMSR773 extent, province of Valencia",none (a count),flood of 29 Oct 2024; Catastro buildings of 21 Aug 2026; ARPSI maps of 20 Dec 2024,,,,
pap-n,paper_abstract,"Of the 84,789 dwellings inside the flood extent mapped by Copernicus EMS",primary.dwellings_in_extent,int,dwellings,"dwellings (Catastro numberOfDwellings) in buildings whose footprint touches the Copernicus EMSR773 extent, province of Valencia",none (a count),flood of 29 Oct 2024; Catastro buildings of 21 Aug 2026; ARPSI maps of 20 Dec 2024,,,,
abs-out-n,readme_abstract,"43,359 (51.1%) lay outside every official flood zone under the",primary.dwellings_by_status.outside every official zone,int,dwellings,"dwellings (Catastro numberOfDwellings) in buildings whose footprint touches the Copernicus EMSR773 extent, province of Valencia; outside all ARPSI and PATRICOVA zones, reference rule",none (a count),flood of 29 Oct 2024; Catastro buildings of 21 Aug 2026; ARPSI maps of 20 Dec 2024,,every,primary.dwellings_in_extent - `primary.dwellings_by_status.SNCZI T100 or T10` - `primary.dwellings_by_status.SNCZI T500 (not T100)` - `primary.dwellings_by_status.PATRICOVA levels 1-6 only` - `primary.dwellings_by_status.PATRICOVA geomorphological only` == `primary.dwellings_by_status.outside every official zone`,
pap-out-n,paper_abstract,"43,359 (51.1%) lay outside every official flood zone under the",primary.dwellings_by_status.outside every official zone,int,dwellings,"dwellings (Catastro numberOfDwellings) in buildings whose footprint touches the Copernicus EMSR773 extent, province of Valencia; outside all ARPSI and PATRICOVA zones, reference rule",none (a count),flood of 29 Oct 2024; Catastro buildings of 21 Aug 2026; ARPSI maps of 20 Dec 2024,,every,primary.dwellings_in_extent - `primary.dwellings_by_status.SNCZI T100 or T10` - `primary.dwellings_by_status.SNCZI T500 (not T100)` - `primary.dwellings_by_status.PATRICOVA levels 1-6 only` - `primary.dwellings_by_status.PATRICOVA geomorphological only` == `primary.dwellings_by_status.outside every official zone`,
abs-out-share,readme_abstract,"43,359 (51.1%) lay outside every official flood zone under the",primary.share_outside_all_zones,pct1,share of dwellings,"dwellings (Catastro numberOfDwellings) in buildings whose footprint touches the Copernicus EMSR773 extent, province of Valencia","all dwellings in the Copernicus extent (84,789)",flood of 29 Oct 2024; Catastro buildings of 21 Aug 2026; ARPSI maps of 20 Dec 2024,,,,
pap-out-share,paper_abstract,"43,359 (51.1%) lay outside every official flood zone under the",primary.share_outside_all_zones,pct1,share of dwellings,"dwellings (Catastro numberOfDwellings) in buildings whose footprint touches the Copernicus EMSR773 extent, province of Valencia","all dwellings in the Copernicus extent (84,789)",flood of 29 Oct 2024; Catastro buildings of 21 Aug 2026; ARPSI maps of 20 Dec 2024,,,,
abs-range-lo,readme_abstract,about **39–62% of the dwellings inside the observed extent were outside every official flood zone**,ranges.headline_dwellings.0,pp0,"percentage of dwellings (lower bound: Generalitat footprint, reference rule)",dwellings in buildings whose footprint touches the Generalitat's flood footprint (HuellaInundacion),"dwellings inside the Generalitat footprint (138,217)",across 2 extents x 3 rules; flood of 29 Oct 2024; Catastro buildings of 21 Aug 2026; ARPSI maps of 20 Dec 2024,,every,ranges.headline_dwellings.0 == gva_footprint.share_outside_all_zones and gva_footprint.outside_all <= gva_footprint.dwellings,"«every» is definitional: «outside every official zone» is the complement of the union of the SNCZI T10/T100/T500 zones, PATRICOVA levels 1-6 and the PATRICOVA geomorphological zone, as in abs-out-n; summary.json has no such partition for the Generalitat footprint or for the centroid rule, so the condition only proves which scenario gives this bound"
abs-range-hi,readme_abstract,about **39–62% of the dwellings inside the observed extent were outside every official flood zone**,ranges.headline_dwellings.1,pp0,"percentage of dwellings (upper bound: Copernicus extent, centroid in envelope)","dwellings (Catastro numberOfDwellings) in buildings whose footprint touches the Copernicus EMSR773 extent, province of Valencia","dwellings inside the Copernicus extent (84,789)",across 2 extents x 3 rules; flood of 29 Oct 2024; Catastro buildings of 21 Aug 2026; ARPSI maps of 20 Dec 2024,,,,
pap-range-lo,paper_abstract,about **39–62% of the dwellings inside the observed extent were outside every official flood zone**,ranges.headline_dwellings.0,pp0,"percentage of dwellings (lower bound: Generalitat footprint, reference rule)",dwellings in buildings whose footprint touches the Generalitat's flood footprint (HuellaInundacion),"dwellings inside the Generalitat footprint (138,217)",across 2 extents x 3 rules; flood of 29 Oct 2024; Catastro buildings of 21 Aug 2026; ARPSI maps of 20 Dec 2024,,every,ranges.headline_dwellings.0 == gva_footprint.share_outside_all_zones and gva_footprint.outside_all <= gva_footprint.dwellings,"«every» is definitional: «outside every official zone» is the complement of the union of the SNCZI T10/T100/T500 zones, PATRICOVA levels 1-6 and the PATRICOVA geomorphological zone, as in abs-out-n; summary.json has no such partition for the Generalitat footprint or for the centroid rule, so the condition only proves which scenario gives this bound"
pap-range-hi,paper_abstract,about **39–62% of the dwellings inside the observed extent were outside every official flood zone**,ranges.headline_dwellings.1,pp0,"percentage of dwellings (upper bound: Copernicus extent, centroid in envelope)","dwellings (Catastro numberOfDwellings) in buildings whose footprint touches the Copernicus EMSR773 extent, province of Valencia","dwellings inside the Copernicus extent (84,789)",across 2 extents x 3 rules; flood of 29 Oct 2024; Catastro buildings of 21 Aug 2026; ARPSI maps of 20 Dec 2024,,,,
abs-up66,readme_abstract,up to 66% with the Copernicus product,ranges.with_variants_dwellings.1,pct0,"share of dwellings (maximum over Copernicus product versions, ±10/±25 m buffers and extent rules)","dwellings (Catastro numberOfDwellings) in buildings whose footprint touches the Copernicus EMSR773 extent, province of Valencia",dwellings inside each Copernicus variant extent,flood of 29 Oct 2024; Catastro buildings of 21 Aug 2026; ARPSI maps of 20 Dec 2024,,,,
pap-up66,paper_abstract,up to 66% with the Copernicus product,ranges.with_variants_dwellings.1,pct0,"share of dwellings (maximum over Copernicus product versions, ±10/±25 m buffers and extent rules)","dwellings (Catastro numberOfDwellings) in buildings whose footprint touches the Copernicus EMSR773 extent, province of Valencia",dwellings inside each Copernicus variant extent,flood of 29 Oct 2024; Catastro buildings of 21 Aug 2026; ARPSI maps of 20 Dec 2024,,,,
abs-t-n-c,readme_abstract,"| dwellings inside the extent | 84,789 dwellings (78 of the 115 municipalities it touches)",primary.dwellings_in_extent,int,dwellings,"dwellings (Catastro numberOfDwellings) in buildings whose footprint touches the Copernicus EMSR773 extent, province of Valencia",none (a count),flood of 29 Oct 2024; Catastro buildings of 21 Aug 2026; ARPSI maps of 20 Dec 2024,,,,
abs-t-mun78,readme_abstract,"84,789 dwellings (78 of the 115 municipalities it touches)",primary.municipalities_with_dwellings_in_extent,int,municipalities,municipalities of the province touched by the Copernicus extent,municipalities touched (115),flood of 29 Oct 2024; Catastro buildings of 21 Aug 2026; ARPSI maps of 20 Dec 2024,,,,
abs-t-mun115,readme_abstract,"84,789 dwellings (78 of the 115 municipalities it touches)",primary.municipalities_touched,int,municipalities,municipalities of the province of Valencia,none (a count),flood of 29 Oct 2024; Catastro buildings of 21 Aug 2026; ARPSI maps of 20 Dec 2024,,,,
abs-t-n-g,readme_abstract,"| 138,217 (66 municipalities) |",gva_footprint.dwellings,int,dwellings,dwellings in buildings whose footprint touches the Generalitat's flood footprint (HuellaInundacion),none (a count),flood of 29 Oct 2024; Catastro buildings of 21 Aug 2026; ARPSI maps of 20 Dec 2024,,,,
abs-t-mun66,readme_abstract,"| 138,217 (66 municipalities) |",matched_comparison.municipalities,int,municipalities,municipalities where the Generalitat's footprint has dwellings,none (a count),flood of 29 Oct 2024; Catastro buildings of 21 Aug 2026; ARPSI maps of 20 Dec 2024,,,,
abs-t-ref-cn,readme_abstract,"| outside every zone: footprint touches the zone envelope (reference) | 43,359 (51.1%) | 53,801 (38.9%) |",primary.dwellings_by_status.outside every official zone,int,dwellings,"dwellings (Catastro numberOfDwellings) in buildings whose footprint touches the Copernicus EMSR773 extent, province of Valencia",none (a count),flood of 29 Oct 2024; Catastro buildings of 21 Aug 2026; ARPSI maps of 20 Dec 2024,,every,primary.dwellings_in_extent - `primary.dwellings_by_status.SNCZI T100 or T10` - `primary.dwellings_by_status.SNCZI T500 (not T100)` - `primary.dwellings_by_status.PATRICOVA levels 1-6 only` - `primary.dwellings_by_status.PATRICOVA geomorphological only` == `primary.dwellings_by_status.outside every official zone`,
abs-t-ref-cs,readme_abstract,"| outside every zone: footprint touches the zone envelope (reference) | 43,359 (51.1%) | 53,801 (38.9%) |",primary.share_outside_all_zones,pct1,share of dwellings,"dwellings (Catastro numberOfDwellings) in buildings whose footprint touches the Copernicus EMSR773 extent, province of Valencia",all dwellings in the Copernicus extent,flood of 29 Oct 2024; Catastro buildings of 21 Aug 2026; ARPSI maps of 20 Dec 2024,,,,
abs-t-ref-gn,readme_abstract,"| outside every zone: footprint touches the zone envelope (reference) | 43,359 (51.1%) | 53,801 (38.9%) |",gva_footprint.outside_all,int,dwellings,dwellings in buildings whose footprint touches the Generalitat's flood footprint (HuellaInundacion),none (a count),flood of 29 Oct 2024; Catastro buildings of 21 Aug 2026; ARPSI maps of 20 Dec 2024,,,,
abs-t-ref-gs,readme_abstract,"| outside every zone: footprint touches the zone envelope (reference) | 43,359 (51.1%) | 53,801 (38.9%) |",gva_footprint.share_outside_all_zones,pct1,share of dwellings,dwellings in buildings whose footprint touches the Generalitat's flood footprint (HuellaInundacion),all dwellings in the Generalitat footprint,flood of 29 Oct 2024; Catastro buildings of 21 Aug 2026; ARPSI maps of 20 Dec 2024,,,,
abs-t-ct-c,readme_abstract,| outside every zone: centroid in the zone envelope | 61.9% | 48.6% |,ranges.headline_dwellings.1,pct1,share of dwellings (centroid rule),"dwellings (Catastro numberOfDwellings) in buildings whose footprint touches the Copernicus EMSR773 extent, province of Valencia",all dwellings in the Copernicus extent,flood of 29 Oct 2024; Catastro buildings of 21 Aug 2026; ARPSI maps of 20 Dec 2024,,every,ranges.headline_dwellings.1 > primary.share_outside_all_zones,"«every» is definitional: «outside every official zone» is the complement of the union of the SNCZI T10/T100/T500 zones, PATRICOVA levels 1-6 and the PATRICOVA geomorphological zone, as in abs-out-n; summary.json has no such partition for the Generalitat footprint or for the centroid rule, so the condition only proves which scenario gives this bound"
abs-t-ct-g,readme_abstract,| outside every zone: centroid in the zone envelope | 61.9% | 48.6% |,matched_comparison.envct.gva_share_outside,pct1,share of dwellings (centroid rule),dwellings in buildings whose footprint touches the Generalitat's flood footprint (HuellaInundacion),all dwellings in the Generalitat footprint,flood of 29 Oct 2024; Catastro buildings of 21 Aug 2026; ARPSI maps of 20 Dec 2024,,,,
abs-t-fp-c,readme_abstract,| outside every zone: footprint touches the depth grid as drawn | 53.1% | 40.8% |,primary.grid_fp.share_outside_all_zones,pct1,share of dwellings,"dwellings (Catastro numberOfDwellings) in buildings whose footprint touches the Copernicus EMSR773 extent, province of Valencia","dwellings in the Copernicus extent (84,789)",flood of 29 Oct 2024; Catastro buildings of 21 Aug 2026; ARPSI maps of 20 Dec 2024,,every,primary.grid_fp.dwellings == primary.dwellings_in_extent and primary.grid_fp.dwellings - primary.grid_fp.dwellings_inside_a_zone == primary.grid_fp.dwellings_outside_all_zones,footprint touches the depth grid as drawn; data/sensitivity.csv all fp fp = 0.531472
abs-t-fp-g,readme_abstract,| outside every zone: footprint touches the depth grid as drawn | 53.1% | 40.8% |,matched_comparison.fp.gva_share_outside,pct1,share of dwellings (footprint on depth grid),dwellings in buildings whose footprint touches the Generalitat's flood footprint (HuellaInundacion),all dwellings in the Generalitat footprint,flood of 29 Oct 2024; Catastro buildings of 21 Aug 2026; ARPSI maps of 20 Dec 2024,,,,
abs-ha,readme_abstract,buildings closed up to 2 ha,text.hole_closing_ha,int,hectares,holes in the ARPSI depth grid,none (a parameter),flood of 29 Oct 2024; Catastro buildings of 21 Aug 2026; ARPSI maps of 20 Dec 2024,,,,method parameter: largest dry hole closed (classify.py)
pap-ha,paper_abstract,buildings closed up to 2 ha,text.hole_closing_ha,int,hectares,holes in the ARPSI depth grid,none (a parameter),flood of 29 Oct 2024; Catastro buildings of 21 Aug 2026; ARPSI maps of 20 Dec 2024,,,,method parameter: largest dry hole closed (classify.py)
abs-arpsi-only,readme_abstract,67.4% of the Copernicus-extent dwellings were outside them,primary.share_outside_snczi,pct1,share of dwellings outside the ARPSI T10/T100/T500 maps,"dwellings (Catastro numberOfDwellings) in buildings whose footprint touches the Copernicus EMSR773 extent, province of Valencia",all dwellings in the Copernicus extent,flood of 29 Oct 2024; Catastro buildings of 21 Aug 2026; ARPSI maps of 20 Dec 2024,,,,
abs-t100,readme_abstract,"8,435 lay inside the 100-year zone",primary.dwellings_by_status.SNCZI T100 or T10,int,dwellings inside the ARPSI T100 (or T10) zone,"dwellings (Catastro numberOfDwellings) in buildings whose footprint touches the Copernicus EMSR773 extent, province of Valencia",none (a count),flood of 29 Oct 2024; Catastro buildings of 21 Aug 2026; ARPSI maps of 20 Dec 2024,,,,
abs-most,readme_abstract,**The extent matters about as much as the rule.**,,,comparison of percentage-point gaps,"dwellings (Catastro numberOfDwellings) in buildings whose footprint touches the Copernicus EMSR773 extent, province of Valencia and dwellings in buildings whose footprint touches the Generalitat's flood footprint (HuellaInundacion)",dwellings inside each extent,flood of 29 Oct 2024; Catastro buildings of 21 Aug 2026; ARPSI maps of 20 Dec 2024,,,matched_comparison.envfp.copernicus_share_outside - matched_comparison.envfp.gva_share_outside >= 0.1 and matched_comparison.envct.copernicus_share_outside - matched_comparison.envfp.copernicus_share_outside >= 0.1,"same 66 municipalities: extent gap 10.5 points (reference rule), rule spread within Copernicus 11.6 points (S19-M2)"
abs-cov-only,readme_abstract,"The Generalitat's footprint covers only the Magro and the Poyo, Saleta and Picassent ravines",,,coverage of the footprint,Generalitat HuellaInundacion layer,,flood of 29 Oct 2024; Catastro buildings of 21 Aug 2026; ARPSI maps of 20 Dec 2024,,only,,documentary: lineage of the Generalitat layer (METHOD.md source table); no quantity to test
pap-cov-only,paper_abstract,"covers only the Magro and the Poyo, Saleta and Picassent ravine systems",,,coverage of the footprint,Generalitat HuellaInundacion layer,,flood of 29 Oct 2024; Catastro buildings of 21 Aug 2026; ARPSI maps of 20 Dec 2024,,only,,documentary: lineage of the Generalitat layer (METHOD.md source table); no quantity to test
abs-x1.6,readme_abstract,holds 1.6 times as many dwellings,gva_footprint.ratio_to_copernicus,dec1,ratio of dwellings,"dwellings in buildings whose footprint touches the Generalitat's flood footprint (HuellaInundacion) vs dwellings (Catastro numberOfDwellings) in buildings whose footprint touches the Copernicus EMSR773 extent, province of Valencia","dwellings in the Copernicus extent (84,789)",flood of 29 Oct 2024; Catastro buildings of 21 Aug 2026; ARPSI maps of 20 Dec 2024,,,gva_footprint.dwellings / primary.dwellings_in_extent >= 1.55 and gva_footprint.dwellings / primary.dwellings_in_extent < 1.65,Generalitat footprint / Copernicus extent
abs-union-n,readme_abstract,"With their union (158,044 dwellings) the reference share is 42.8%",gva_footprint.either,int,dwellings,dwellings in buildings touching the Copernicus extent or the Generalitat footprint,none (a count),flood of 29 Oct 2024; Catastro buildings of 21 Aug 2026; ARPSI maps of 20 Dec 2024,,,,
abs-union-s,readme_abstract,"With their union (158,044 dwellings) the reference share is 42.8%",union.share_outside_all_zones,pct1,share of dwellings,dwellings in the union of the two extents,"dwellings in the union of the two extents (158,044)",flood of 29 Oct 2024; Catastro buildings of 21 Aug 2026; ARPSI maps of 20 Dec 2024,,,,reference rule; data/sensitivity.csv all_or_gva fp envfp
abs-ll-66,readme_abstract,In the same 66 municipalities,matched_comparison.municipalities,int,municipalities,municipalities where the Generalitat's footprint has dwellings,none (a count),flood of 29 Oct 2024; Catastro buildings of 21 Aug 2026; ARPSI maps of 20 Dec 2024,,,,
abs-ll-cfp,readme_abstract,the share outside every zone is 51.6% with the Copernicus extent and 40.8% with the Generalitat's footprint (footprint on the depth grid; 49.4% and 38.9% under the reference rule),matched_comparison.fp.copernicus_share_outside,pct1,share of dwellings (footprint on depth grid),"dwellings in the 66 municipalities where the Generalitat's footprint has dwellings, Copernicus extent","Copernicus-extent dwellings in those municipalities (77,007)",flood of 29 Oct 2024; Catastro buildings of 21 Aug 2026; ARPSI maps of 20 Dec 2024,,every,matched_comparison.fp.copernicus_share_outside > matched_comparison.fp.gva_share_outside,
abs-ll-gfp,readme_abstract,the share outside every zone is 51.6% with the Copernicus extent and 40.8% with the Generalitat's footprint (footprint on the depth grid; 49.4% and 38.9% under the reference rule),matched_comparison.fp.gva_share_outside,pct1,share of dwellings (footprint on depth grid),dwellings in buildings whose footprint touches the Generalitat's flood footprint (HuellaInundacion),"Generalitat-footprint dwellings (138,217)",flood of 29 Oct 2024; Catastro buildings of 21 Aug 2026; ARPSI maps of 20 Dec 2024,,,,
abs-ll-cref,readme_abstract,the share outside every zone is 51.6% with the Copernicus extent and 40.8% with the Generalitat's footprint (footprint on the depth grid; 49.4% and 38.9% under the reference rule),matched_comparison.envfp.copernicus_share_outside,pct1,share of dwellings (reference rule),"dwellings in the 66 municipalities where the Generalitat's footprint has dwellings, Copernicus extent","Copernicus-extent dwellings in those municipalities (77,007)",flood of 29 Oct 2024; Catastro buildings of 21 Aug 2026; ARPSI maps of 20 Dec 2024,,,,
abs-ll-gref,readme_abstract,the share outside every zone is 51.6% with the Copernicus extent and 40.8% with the Generalitat's footprint (footprint on the depth grid; 49.4% and 38.9% under the reference rule),matched_comparison.envfp.gva_share_outside,pct1,share of dwellings (reference rule),dwellings in buildings whose footprint touches the Generalitat's flood footprint (HuellaInundacion),"Generalitat-footprint dwellings (138,217)",flood of 29 Oct 2024; Catastro buildings of 21 Aug 2026; ARPSI maps of 20 Dec 2024,,,,
pap-ll-66,paper_abstract,In the 66 municipalities where it has dwellings,matched_comparison.municipalities,int,municipalities,municipalities where the Generalitat's footprint has dwellings,none (a count),flood of 29 Oct 2024; Catastro buildings of 21 Aug 2026; ARPSI maps of 20 Dec 2024,,,,
pap-ll-cfp,paper_abstract,the share outside every zone is 51.6% with the Copernicus extent and 40.8% with the Generalitat's footprint (footprint on the depth grid; 49.4% and 38.9% under the reference rule),matched_comparison.fp.copernicus_share_outside,pct1,share of dwellings (footprint on depth grid),"dwellings in the 66 municipalities where the Generalitat's footprint has dwellings, Copernicus extent","Copernicus-extent dwellings in those municipalities (77,007)",flood of 29 Oct 2024; Catastro buildings of 21 Aug 2026; ARPSI maps of 20 Dec 2024,,every,matched_comparison.fp.copernicus_share_outside > matched_comparison.fp.gva_share_outside,
pap-ll-gfp,paper_abstract,the share outside every zone is 51.6% with the Copernicus extent and 40.8% with the Generalitat's footprint (footprint on the depth grid; 49.4% and 38.9% under the reference rule),matched_comparison.fp.gva_share_outside,pct1,share of dwellings (footprint on depth grid),dwellings in buildings whose footprint touches the Generalitat's flood footprint (HuellaInundacion),"Generalitat-footprint dwellings (138,217)",flood of 29 Oct 2024; Catastro buildings of 21 Aug 2026; ARPSI maps of 20 Dec 2024,,,,
pap-ll-cref,paper_abstract,the share outside every zone is 51.6% with the Copernicus extent and 40.8% with the Generalitat's footprint (footprint on the depth grid; 49.4% and 38.9% under the reference rule),matched_comparison.envfp.copernicus_share_outside,pct1,share of dwellings (reference rule),"dwellings in the 66 municipalities where the Generalitat's footprint has dwellings, Copernicus extent","Copernicus-extent dwellings in those municipalities (77,007)",flood of 29 Oct 2024; Catastro buildings of 21 Aug 2026; ARPSI maps of 20 Dec 2024,,,,
pap-ll-gref,paper_abstract,the share outside every zone is 51.6% with the Copernicus extent and 40.8% with the Generalitat's footprint (footprint on the depth grid; 49.4% and 38.9% under the reference rule),matched_comparison.envfp.gva_share_outside,pct1,share of dwellings (reference rule),dwellings in buildings whose footprint touches the Generalitat's flood footprint (HuellaInundacion),"Generalitat-footprint dwellings (138,217)",flood of 29 Oct 2024; Catastro buildings of 21 Aug 2026; ARPSI maps of 20 Dec 2024,,,,
abs-rob,readme_abstract,±10/±25 m edge buffers and testing the building's footprint or centroid against the extent move the reference figure only within 50.1–53.9%,ranges.copernicus_envfp.0,pp1,"percentage of dwellings (minimum, reference zone rule)","dwellings (Catastro numberOfDwellings) in buildings whose footprint touches the Copernicus EMSR773 extent, province of Valencia (each variant extent)",dwellings inside each variant extent,flood of 29 Oct 2024; Catastro buildings of 21 Aug 2026; ARPSI maps of 20 Dec 2024,,only,ranges.copernicus_envfp.1 - ranges.copernicus_envfp.0 < 0.05,
abs-rob-hi,readme_abstract,move the reference figure only within 50.1–53.9%,ranges.copernicus_envfp.1,pct1,"share of dwellings (maximum, reference zone rule)","dwellings (Catastro numberOfDwellings) in buildings whose footprint touches the Copernicus EMSR773 extent, province of Valencia (each variant extent)",dwellings inside each variant extent,flood of 29 Oct 2024; Catastro buildings of 21 Aug 2026; ARPSI maps of 20 Dec 2024,,,,
abs-loo,readme_abstract,Leaving out one municipality gives 47.7–54.9%,ranges.leave_one_out.0,pp1,"percentage of dwellings (minimum, leave-one-municipality-out)","dwellings (Catastro numberOfDwellings) in buildings whose footprint touches the Copernicus EMSR773 extent, province of Valencia minus one municipality",dwellings in the extent without that municipality,flood of 29 Oct 2024; Catastro buildings of 21 Aug 2026; ARPSI maps of 20 Dec 2024,,,,
abs-loo-hi,readme_abstract,Leaving out one municipality gives 47.7–54.9%,ranges.leave_one_out.1,pct1,"share of dwellings (maximum, leave-one-municipality-out)","dwellings (Catastro numberOfDwellings) in buildings whose footprint touches the Copernicus EMSR773 extent, province of Valencia minus one municipality",dwellings in the extent without that municipality,flood of 29 Oct 2024; Catastro buildings of 21 Aug 2026; ARPSI maps of 20 Dec 2024,,,,
abs-pl-paip,readme_abstract,"71.9% outside in Paiporta, 95.8% in Picanya and 100.0% in Sedaví",places.Paiporta.share_outside_all_zones,pct1,share of dwellings,"dwellings (Catastro numberOfDwellings) in buildings whose footprint touches the Copernicus EMSR773 extent, province of Valencia, municipality of Paiporta",dwellings in the extent in Paiporta,flood of 29 Oct 2024; Catastro buildings of 21 Aug 2026; ARPSI maps of 20 Dec 2024,,,,data/municipalities.csv
abs-pl-pica,readme_abstract,"71.9% outside in Paiporta, 95.8% in Picanya and 100.0% in Sedaví",places.Picanya.share_outside_all_zones,pct1,share of dwellings,"dwellings (Catastro numberOfDwellings) in buildings whose footprint touches the Copernicus EMSR773 extent, province of Valencia, municipality of Picanya",dwellings in the extent in Picanya,flood of 29 Oct 2024; Catastro buildings of 21 Aug 2026; ARPSI maps of 20 Dec 2024,,,,data/municipalities.csv
abs-pl-seda,readme_abstract,"71.9% outside in Paiporta, 95.8% in Picanya and 100.0% in Sedaví",places.Sedaví.share_outside_all_zones,pct1,share of dwellings,"dwellings (Catastro numberOfDwellings) in buildings whose footprint touches the Copernicus EMSR773 extent, province of Valencia, municipality of Sedaví",dwellings in the extent in Sedaví,flood of 29 Oct 2024; Catastro buildings of 21 Aug 2026; ARPSI maps of 20 Dec 2024,,,,data/municipalities.csv
pap-pl-paip,paper_abstract,"71.9% outside in Paiporta, 95.8% in Picanya and 100.0% in Sedaví",places.Paiporta.share_outside_all_zones,pct1,share of dwellings,"dwellings (Catastro numberOfDwellings) in buildings whose footprint touches the Copernicus EMSR773 extent, province of Valencia, municipality of Paiporta",dwellings in the extent in Paiporta,flood of 29 Oct 2024; Catastro buildings of 21 Aug 2026; ARPSI maps of 20 Dec 2024,,,,data/municipalities.csv
pap-pl-pica,paper_abstract,"71.9% outside in Paiporta, 95.8% in Picanya and 100.0% in Sedaví",places.Picanya.share_outside_all_zones,pct1,share of dwellings,"dwellings (Catastro numberOfDwellings) in buildings whose footprint touches the Copernicus EMSR773 extent, province of Valencia, municipality of Picanya",dwellings in the extent in Picanya,flood of 29 Oct 2024; Catastro buildings of 21 Aug 2026; ARPSI maps of 20 Dec 2024,,,,data/municipalities.csv
pap-pl-seda,paper_abstract,"71.9% outside in Paiporta, 95.8% in Picanya and 100.0% in Sedaví",places.Sedaví.share_outside_all_zones,pct1,share of dwellings,"dwellings (Catastro numberOfDwellings) in buildings whose footprint touches the Copernicus EMSR773 extent, province of Valencia, municipality of Sedaví",dwellings in the extent in Sedaví,flood of 29 Oct 2024; Catastro buildings of 21 Aug 2026; ARPSI maps of 20 Dec 2024,,,,data/municipalities.csv
abs-pl-98,readme_abstract,at least 98% inside an ARPSI zone in Beniparrell and Massanassa,text.arpsi_floor_quoted,pct0,share of dwellings,"dwellings (Catastro numberOfDwellings) in buildings whose footprint touches the Copernicus EMSR773 extent, province of Valencia, Beniparrell and Massanassa",dwellings in the extent of each town,flood of 29 Oct 2024; Catastro buildings of 21 Aug 2026; ARPSI maps of 20 Dec 2024,,,places.Beniparrell.arpsi_share_lower_bound >= text.arpsi_floor_quoted and places.Massanassa.arpsi_share_lower_bound >= text.arpsi_floor_quoted,"the floor the text quotes; the published lower bounds are 929 of 931 and 1,292 of 1,297 (suppressed cells counted as zero)"
pap-pl-98,paper_abstract,in Beniparrell and Massanassa at least 98% of the dwellings in the extent lay inside an ARPSI,text.arpsi_floor_quoted,pct0,share of dwellings,"dwellings (Catastro numberOfDwellings) in buildings whose footprint touches the Copernicus EMSR773 extent, province of Valencia, Beniparrell and Massanassa",dwellings in the extent of each town,flood of 29 Oct 2024; Catastro buildings of 21 Aug 2026; ARPSI maps of 20 Dec 2024,,,places.Beniparrell.arpsi_share_lower_bound >= text.arpsi_floor_quoted and places.Massanassa.arpsi_share_lower_bound >= text.arpsi_floor_quoted,"the floor the text quotes; the published lower bounds are 929 of 931 and 1,292 of 1,297 (suppressed cells counted as zero)"
abs-alc-only,readme_abstract,l'Alcúdia mapped almost only by PATRICOVA's geomorphological level,,,share of dwellings,"dwellings (Catastro numberOfDwellings) in buildings whose footprint touches the Copernicus EMSR773 extent, province of Valencia, l'Alcúdia",Copernicus-extent dwellings in l'Alcúdia,flood of 29 Oct 2024; Catastro buildings of 21 Aug 2026; ARPSI maps of 20 Dec 2024,,only,`places.l'Alcúdia.share_patricova_geomorphological_only_lower_bound` > 0.9,"at least 5,383 of 5,846 (published cells; paper §5.4)"
pap-alc-only,paper_abstract,l'Alcúdia's dwellings were mapped almost only by PATRICOVA's geomorphological level,,,share of dwellings,"dwellings (Catastro numberOfDwellings) in buildings whose footprint touches the Copernicus EMSR773 extent, province of Valencia, l'Alcúdia",Copernicus-extent dwellings in l'Alcúdia,flood of 29 Oct 2024; Catastro buildings of 21 Aug 2026; ARPSI maps of 20 Dec 2024,,only,`places.l'Alcúdia.share_patricova_geomorphological_only_lower_bound` > 0.9,"at least 5,383 of 5,846 (published cells; paper §5.4)"
abs-h2016,readme_abstract,**Built after 2016.**,text.rd638_year,raw,year,Catastro construction year,none (a date),flood of 29 Oct 2024; Catastro buildings of 21 Aug 2026; ARPSI maps of 20 Dec 2024,,,,
pap-h2016,paper_abstract,**Built after 2016.**,text.rd638_year,raw,year,Catastro construction year,none (a date),flood of 29 Oct 2024; Catastro buildings of 21 Aug 2026; ARPSI maps of 20 Dec 2024,,,,
abs-b1776,readme_abstract,"1,776 dwellings in the Copernicus extent are in buildings that the Catastro dates to 2017–2024",primary.dwellings_by_band.2017-2024,int,dwellings,"dwellings (Catastro numberOfDwellings) in buildings whose footprint touches the Copernicus EMSR773 extent, province of Valencia; Catastro construction year 2017–2024",none (a count),flood of 29 Oct 2024; Catastro buildings of 21 Aug 2026; ARPSI maps of 20 Dec 2024,,,,
pap-b1776,paper_abstract,"**1,776 dwellings** inside the Copernicus extent are in buildings that the Catastro dates to 2017–2024",primary.dwellings_by_band.2017-2024,int,dwellings,"dwellings (Catastro numberOfDwellings) in buildings whose footprint touches the Copernicus EMSR773 extent, province of Valencia; Catastro construction year 2017–2024",none (a count),flood of 29 Oct 2024; Catastro buildings of 21 Aug 2026; ARPSI maps of 20 Dec 2024,,,,
abs-b874,readme_abstract,"874 of them lay outside every official zone, and 735 inside an ARPSI zone (156",primary.dwellings_2017_2024_by_status.outside every official zone,int,dwellings,"dwellings (Catastro numberOfDwellings) in buildings whose footprint touches the Copernicus EMSR773 extent, province of Valencia; built 2017–2024",none (a count),flood of 29 Oct 2024; Catastro buildings of 21 Aug 2026; ARPSI maps of 20 Dec 2024,,every,`primary.dwellings_by_band.2017-2024` - `primary.dwellings_2017_2024_by_status.SNCZI T100 or T10` - `primary.dwellings_2017_2024_by_status.SNCZI T500 (not T100)` - `primary.dwellings_2017_2024_by_status.PATRICOVA levels 1-6 only` - `primary.dwellings_2017_2024_by_status.PATRICOVA geomorphological only` == `primary.dwellings_2017_2024_by_status.outside every official zone`,"data/by_year.csv: 2017-2024, outside every official zone = 874"
abs-b735,readme_abstract,"874 of them lay outside every official zone, and 735 inside an ARPSI zone (156",primary.dwellings_2017_2024_inside_arpsi,int,dwellings,"dwellings (Catastro numberOfDwellings) in buildings whose footprint touches the Copernicus EMSR773 extent, province of Valencia; built 2017–2024",none (a count),flood of 29 Oct 2024; Catastro buildings of 21 Aug 2026; ARPSI maps of 20 Dec 2024,,,,SNCZI T100 or T10 + SNCZI T500 (not T100)
abs-b156,readme_abstract,"874 of them lay outside every official zone, and 735 inside an ARPSI zone (156",primary.dwellings_2017_2024_by_status.SNCZI T100 or T10,int,dwellings,"dwellings (Catastro numberOfDwellings) in buildings whose footprint touches the Copernicus EMSR773 extent, province of Valencia; built 2017–2024",none (a count),flood of 29 Oct 2024; Catastro buildings of 21 Aug 2026; ARPSI maps of 20 Dec 2024,,,,"data/by_year.csv: 2017-2024, SNCZI T100 or T10 = 156"
pap-b874,paper_abstract,"874 of them lay outside every official zone, and 735 inside an ARPSI zone (156",primary.dwellings_2017_2024_by_status.outside every official zone,int,dwellings,"dwellings (Catastro numberOfDwellings) in buildings whose footprint touches the Copernicus EMSR773 extent, province of Valencia; built 2017–2024",none (a count),flood of 29 Oct 2024; Catastro buildings of 21 Aug 2026; ARPSI maps of 20 Dec 2024,,every,`primary.dwellings_by_band.2017-2024` - `primary.dwellings_2017_2024_by_status.SNCZI T100 or T10` - `primary.dwellings_2017_2024_by_status.SNCZI T500 (not T100)` - `primary.dwellings_2017_2024_by_status.PATRICOVA levels 1-6 only` - `primary.dwellings_2017_2024_by_status.PATRICOVA geomorphological only` == `primary.dwellings_2017_2024_by_status.outside every official zone`,"data/by_year.csv: 2017-2024, outside every official zone = 874"
pap-b735,paper_abstract,"874 of them lay outside every official zone, and 735 inside an ARPSI zone (156",primary.dwellings_2017_2024_inside_arpsi,int,dwellings,"dwellings (Catastro numberOfDwellings) in buildings whose footprint touches the Copernicus EMSR773 extent, province of Valencia; built 2017–2024",none (a count),flood of 29 Oct 2024; Catastro buildings of 21 Aug 2026; ARPSI maps of 20 Dec 2024,,,,SNCZI T100 or T10 + SNCZI T500 (not T100)
pap-b156,paper_abstract,"874 of them lay outside every official zone, and 735 inside an ARPSI zone (156",primary.dwellings_2017_2024_by_status.SNCZI T100 or T10,int,dwellings,"dwellings (Catastro numberOfDwellings) in buildings whose footprint touches the Copernicus EMSR773 extent, province of Valencia; built 2017–2024",none (a count),flood of 29 Oct 2024; Catastro buildings of 21 Aug 2026; ARPSI maps of 20 Dec 2024,,,,"data/by_year.csv: 2017-2024, SNCZI T100 or T10 = 156"
abs-b156z,readme_abstract,inside its 100-year zone,text.return_periods_years.1,int,years (return period),ARPSI T100 zone,none (a parameter),flood of 29 Oct 2024; Catastro buildings of 21 Aug 2026; ARPSI maps of 20 Dec 2024,,,,
pap-b156z,paper_abstract,inside the 100-year zone,text.return_periods_years.1,int,years (return period),ARPSI T100 zone,none (a parameter),flood of 29 Oct 2024; Catastro buildings of 21 Aug 2026; ARPSI maps of 20 Dec 2024,,,,
abs-b410,readme_abstract,Another 410 are dated 2025 or later,primary.dwellings_by_band.2025 or later,int,dwellings,"dwellings (Catastro numberOfDwellings) in buildings whose footprint touches the Copernicus EMSR773 extent, province of Valencia; Catastro construction year 2025 or later",none (a count),flood of 29 Oct 2024; Catastro buildings of 21 Aug 2026; ARPSI maps of 20 Dec 2024,,,,
pap-b410,paper_abstract,Another 410 date from 2025 or later,primary.dwellings_by_band.2025 or later,int,dwellings,"dwellings (Catastro numberOfDwellings) in buildings whose footprint touches the Copernicus EMSR773 extent, province of Valencia; Catastro construction year 2025 or later",none (a count),flood of 29 Oct 2024; Catastro buildings of 21 Aug 2026; ARPSI maps of 20 Dec 2024,,,,
abs-rdph,readme_abstract,RDPH arts. 9 ter and 14 bis allow building in flood zones on land already urbanised on 30 December 2016,text.rd638_in_force,,date,RDPH (RD 849/1986) as amended by RD 638/2016,none (a date),in force on 2026-10-05,,,,"references.csv rdph, rd638"
abs-rdph-art,readme_abstract,RDPH arts. 9 ter and 14 bis allow building in flood zones on land already urbanised on 30 December 2016,text.rdph_articles,,articles cited,RDPH (RD 849/1986) as amended by RD 638/2016,none (a citation),in force on 2026-10-05,,,,references.csv rdph
pap-rdph,paper_abstract,on land already urbanised on 30 December 2016,text.rd638_in_force,,date,RDPH (RD 849/1986) as amended by RD 638/2016,none (a date),in force on 2026-10-05,,,,RD 638/2016 entry into force; references.csv rd638
abs-p-in,readme_abstract,"11,987 of 11,988 dwellings inside the first delineation (the pilot had 11,986) and 624 dwellings in 99 buildings dated 2017 or later",paiporta_pilot_recomputed.aoi01_first.dwellings_in_extent,int,dwellings,Paiporta: dwellings in buildings touching the first Copernicus delineation (AOI01 first version),none (a count),flood of 29 Oct 2024; Catastro buildings of 21 Aug 2026; ARPSI maps of 20 Dec 2024,,first,,"«first» names the first delineation of AOI01, not a claim of primacy"
abs-p-tot,readme_abstract,"11,987 of 11,988 dwellings inside the first delineation (the pilot had 11,986) and 624 dwellings in 99 buildings dated 2017 or later",paiporta_pilot_recomputed.dwellings_total,int,dwellings,all Catastro dwellings in Paiporta,none (a count),flood of 29 Oct 2024; Catastro buildings of 21 Aug 2026; ARPSI maps of 20 Dec 2024,,,,
abs-p-old,readme_abstract,"11,987 of 11,988 dwellings inside the first delineation (the pilot had 11,986) and 624 dwellings in 99 buildings dated 2017 or later",text.pilot_reported_dwellings_in_extent,int,dwellings,Paiporta: dwellings in buildings touching the first Copernicus delineation (AOI01 first version),none (a count),scouting pilot,,,,figure reported by the scouting pilot; paper §6
abs-p-old-y,readme_abstract,"11,987 of 11,988 dwellings inside the first delineation (the pilot had 11,986) and 624 dwellings in 99 buildings dated 2017 or later",text.first_year_after_rd638,raw,year,Paiporta: dwellings in buildings touching the first Copernicus delineation (AOI01 first version),none (a date),scouting pilot,,,,
abs-p-624,readme_abstract,"11,987 of 11,988 dwellings inside the first delineation (the pilot had 11,986) and 624 dwellings in 99 buildings dated 2017 or later",paiporta_pilot_recomputed.aoi01_first.dwellings_2017_or_later,int,dwellings,Paiporta: dwellings in buildings touching the first Copernicus delineation (AOI01 first version); built 2017 or later,none (a count),flood of 29 Oct 2024; Catastro buildings of 21 Aug 2026; ARPSI maps of 20 Dec 2024,,,,
abs-p-99,readme_abstract,"11,987 of 11,988 dwellings inside the first delineation (the pilot had 11,986) and 624 dwellings in 99 buildings dated 2017 or later",paiporta_pilot_recomputed.aoi01_first.buildings_2017_or_later,int,buildings with dwellings,Paiporta: dwellings in buildings touching the first Copernicus delineation (AOI01 first version); built 2017 or later,none (a count),flood of 29 Oct 2024; Catastro buildings of 21 Aug 2026; ARPSI maps of 20 Dec 2024,,,,
pap-p-in,paper_abstract,"11,987 of 11,988 dwellings inside the first delineation (the pilot had 11,986) and 624 dwellings in 99 buildings dated 2017 or later",paiporta_pilot_recomputed.aoi01_first.dwellings_in_extent,int,dwellings,Paiporta: dwellings in buildings touching the first Copernicus delineation (AOI01 first version),none (a count),flood of 29 Oct 2024; Catastro buildings of 21 Aug 2026; ARPSI maps of 20 Dec 2024,,first,,"«first» names the first delineation of AOI01, not a claim of primacy"
pap-p-tot,paper_abstract,"11,987 of 11,988 dwellings inside the first delineation (the pilot had 11,986) and 624 dwellings in 99 buildings dated 2017 or later",paiporta_pilot_recomputed.dwellings_total,int,dwellings,all Catastro dwellings in Paiporta,none (a count),flood of 29 Oct 2024; Catastro buildings of 21 Aug 2026; ARPSI maps of 20 Dec 2024,,,,
pap-p-old,paper_abstract,"11,987 of 11,988 dwellings inside the first delineation (the pilot had 11,986) and 624 dwellings in 99 buildings dated 2017 or later",text.pilot_reported_dwellings_in_extent,int,dwellings,Paiporta: dwellings in buildings touching the first Copernicus delineation (AOI01 first version),none (a count),scouting pilot,,,,figure reported by the scouting pilot; paper §6
pap-p-old-y,paper_abstract,"11,987 of 11,988 dwellings inside the first delineation (the pilot had 11,986) and 624 dwellings in 99 buildings dated 2017 or later",text.first_year_after_rd638,raw,year,Paiporta: dwellings in buildings touching the first Copernicus delineation (AOI01 first version),none (a date),scouting pilot,,,,
pap-p-624,paper_abstract,"11,987 of 11,988 dwellings inside the first delineation (the pilot had 11,986) and 624 dwellings in 99 buildings dated 2017 or later",paiporta_pilot_recomputed.aoi01_first.dwellings_2017_or_later,int,dwellings,Paiporta: dwellings in buildings touching the first Copernicus delineation (AOI01 first version); built 2017 or later,none (a count),flood of 29 Oct 2024; Catastro buildings of 21 Aug 2026; ARPSI maps of 20 Dec 2024,,,,
pap-p-99,paper_abstract,"11,987 of 11,988 dwellings inside the first delineation (the pilot had 11,986) and 624 dwellings in 99 buildings dated 2017 or later",paiporta_pilot_recomputed.aoi01_first.buildings_2017_or_later,int,buildings with dwellings,Paiporta: dwellings in buildings touching the first Copernicus delineation (AOI01 first version); built 2017 or later,none (a count),flood of 29 Oct 2024; Catastro buildings of 21 Aug 2026; ARPSI maps of 20 Dec 2024,,,,
abs-mapver,readme_abstract,"The ARPSI maps read are the version of 20 December 2024, after the flood. Internet Archive captures show that the version in force on the day was dated 5 July 2022.",text.arpsi_version_read,,date of map version,ARPSI hazard maps product page,none (a date),captures of 14 Aug 2024 and 11 Nov 2024,,,,
abs-mapver-f,readme_abstract,"The ARPSI maps read are the version of 20 December 2024, after the flood. Internet Archive captures show that the version in force on the day was dated 5 July 2022.",text.arpsi_version_in_force,,date of map version,ARPSI hazard maps product page,none (a date),captures of 14 Aug 2024 and 11 Nov 2024,,,,
pap-mapver,paper_abstract,"The ARPSI maps we read are the version dated 20 December 2024, after the flood.",text.arpsi_version_read,,date of map version,ARPSI hazard maps product page,none (a date),flood of 29 Oct 2024; Catastro buildings of 21 Aug 2026; ARPSI maps of 20 Dec 2024,,,,
pap-mapver2,paper_abstract,Captures of the product page in August and November 2024 show that the version in force on 29 October 2024 was dated 5 July 2022.,text.archive_captures,,months of the Internet Archive captures,ARPSI hazard maps product page,none (a date),captures of 14 Aug 2024 and 11 Nov 2024,,,,
pap-mapver2-ev,paper_abstract,Captures of the product page in August and November 2024 show that the version in force on 29 October 2024 was dated 5 July 2022.,text.event_date,,date of the event,ARPSI hazard maps product page,none (a date),captures of 14 Aug 2024 and 11 Nov 2024,,,,
pap-mapver2-f,paper_abstract,Captures of the product page in August and November 2024 show that the version in force on 29 October 2024 was dated 5 July 2022.,text.arpsi_version_in_force,,date of map version,ARPSI hazard maps product page,none (a date),captures of 14 Aug 2024 and 11 Nov 2024,,,,
abs-2m,readme_abstract,read as rendered 2 m masks,text.mask_resolution_m,int,metres per pixel,ARPSI depth maps,none (a parameter),flood of 29 Oct 2024; Catastro buildings of 21 Aug 2026; ARPSI maps of 20 Dec 2024,,,,method parameter
abs-cam,readme_abstract,Camarasa-Belmonte et al. (2025) found 14.1% of the flooded **area** outside,text.camarasa_2025_share_of_area_outside,pct1,share of flooded area,flooded area in the Universitat de València flood map,flooded area (their map),"prior work, 2025",,,,"prior work, paper §3"
abs-cam-y,readme_abstract,Camarasa-Belmonte et al. (2025) found 14.1% of the flooded **area** outside,text.camarasa_2025_year,raw,year of publication,flooded area in the Universitat de València flood map,none (a date),"prior work, 2025",,,,
abs-cam-dw,readme_abstract,the share of **dwellings** outside is 40.8%,matched_comparison.fp.gva_share_outside,pct1,share of dwellings (footprint on depth grid),dwellings in buildings whose footprint touches the Generalitat's flood footprint (HuellaInundacion),"Generalitat-footprint dwellings (138,217)",flood of 29 Oct 2024; Catastro buildings of 21 Aug 2026; ARPSI maps of 20 Dec 2024,,,,
abs-upc,readme_abstract,under embargo until 2030,text.upc_thesis_embargo_until,raw,year,UPC master thesis (paper §3),none (a date),embargo end,,,,
abs-s3,readme_abstract,`paper.md` §3,text.paper_section_prior_work,int,section number,paper.md,none (a pointer),paper as published,,,,
pap-two-ext,paper_abstract,Across two flood extents and three rules,,,count of methodological variants,extents and zone rules,none (a count),flood of 29 Oct 2024; Catastro buildings of 21 Aug 2026; ARPSI maps of 20 Dec 2024,,,,
pap-cop-n,paper_abstract,"holds **84,789 dwellings** in 78 municipalities",primary.dwellings_in_extent,int,dwellings,"dwellings (Catastro numberOfDwellings) in buildings whose footprint touches the Copernicus EMSR773 extent, province of Valencia",none (a count),flood of 29 Oct 2024; Catastro buildings of 21 Aug 2026; ARPSI maps of 20 Dec 2024,,,,
pap-cop-mun,paper_abstract,"holds **84,789 dwellings** in 78 municipalities",primary.municipalities_with_dwellings_in_extent,int,municipalities,municipalities with dwellings in the Copernicus extent,none (a count),flood of 29 Oct 2024; Catastro buildings of 21 Aug 2026; ARPSI maps of 20 Dec 2024,,,,
pap-gva-n,paper_abstract,"yet holds **138,217**",gva_footprint.dwellings,int,dwellings,dwellings in buildings whose footprint touches the Generalitat's flood footprint (HuellaInundacion),none (a count),flood of 29 Oct 2024; Catastro buildings of 21 Aug 2026; ARPSI maps of 20 Dec 2024,,,,
pap-ll-77,paper_abstract,"There the Copernicus extent holds 77,007 dwellings",matched_comparison.envfp.copernicus_dwellings,int,dwellings,"dwellings in the 66 municipalities where the Generalitat's footprint has dwellings, Copernicus extent",none (a count),flood of 29 Oct 2024; Catastro buildings of 21 Aug 2026; ARPSI maps of 20 Dec 2024,,,,
pap-r-cn,paper_abstract,"Under this rule **43,359 (51.1%)** of the Copernicus-extent dwellings and **53,801 (38.9%)** of the Generalitat-footprint dwellings were outside every zone.",primary.dwellings_by_status.outside every official zone,int,dwellings,"dwellings (Catastro numberOfDwellings) in buildings whose footprint touches the Copernicus EMSR773 extent, province of Valencia",none (a count),flood of 29 Oct 2024; Catastro buildings of 21 Aug 2026; ARPSI maps of 20 Dec 2024,,every,primary.dwellings_in_extent - `primary.dwellings_by_status.SNCZI T100 or T10` - `primary.dwellings_by_status.SNCZI T500 (not T100)` - `primary.dwellings_by_status.PATRICOVA levels 1-6 only` - `primary.dwellings_by_status.PATRICOVA geomorphological only` == `primary.dwellings_by_status.outside every official zone`,
pap-r-cs,paper_abstract,"Under this rule **43,359 (51.1%)** of the Copernicus-extent dwellings and **53,801 (38.9%)** of the Generalitat-footprint dwellings were outside every zone.",primary.share_outside_all_zones,pct1,share of dwellings,"dwellings (Catastro numberOfDwellings) in buildings whose footprint touches the Copernicus EMSR773 extent, province of Valencia",all dwellings in the Copernicus extent,flood of 29 Oct 2024; Catastro buildings of 21 Aug 2026; ARPSI maps of 20 Dec 2024,,,,
pap-r-gn,paper_abstract,"Under this rule **43,359 (51.1%)** of the Copernicus-extent dwellings and **53,801 (38.9%)** of the Generalitat-footprint dwellings were outside every zone.",gva_footprint.outside_all,int,dwellings,dwellings in buildings whose footprint touches the Generalitat's flood footprint (HuellaInundacion),none (a count),flood of 29 Oct 2024; Catastro buildings of 21 Aug 2026; ARPSI maps of 20 Dec 2024,,,,
pap-r-gs,paper_abstract,"Under this rule **43,359 (51.1%)** of the Copernicus-extent dwellings and **53,801 (38.9%)** of the Generalitat-footprint dwellings were outside every zone.",gva_footprint.share_outside_all_zones,pct1,share of dwellings,dwellings in buildings whose footprint touches the Generalitat's flood footprint (HuellaInundacion),all dwellings in the Generalitat footprint,flood of 29 Oct 2024; Catastro buildings of 21 Aug 2026; ARPSI maps of 20 Dec 2024,,,,
pap-two-cav,paper_abstract,**Two caveats.**,,,count,caveats,,,,,,
pap-three,paper_abstract,"**The three rules for ""inside a zone"":**",,,count,zone rules,,,,,,
abs-h2025,readme_abstract,**2025 or later.**,year_bands.4,,year band,"dwellings (Catastro numberOfDwellings) in buildings whose footprint touches the Copernicus EMSR773 extent, province of Valencia",none (a date),flood of 29 Oct 2024; Catastro buildings of 21 Aug 2026; ARPSI maps of 20 Dec 2024,,,,Catastro construction year
pap-h2025,paper_abstract,**2025 or later.**,year_bands.4,,year band,"dwellings (Catastro numberOfDwellings) in buildings whose footprint touches the Copernicus EMSR773 extent, province of Valencia",none (a date),flood of 29 Oct 2024; Catastro buildings of 21 Aug 2026; ARPSI maps of 20 Dec 2024,,,,Catastro construction year
pap-r2016,paper_abstract,built after the 2016 rules on building in flood zones,text.rd638_year,raw,year,RD 638/2016,none (a date),BOE 31 Dec 2016,,,,references.csv rd638
