boe_id,frozen_lot,d1_lots_inside,scope,rating_stated_primary
BOE-B-2025-13131,BOE-B-2025-13131#64,1,covered,yes
BOE-B-2025-13131,BOE-B-2025-13131#66,1,covered,yes
BOE-B-2025-13259,BOE-B-2025-13259#31,1,covered,yes
BOE-B-2025-23129,BOE-B-2025-23129#6,9,covered,no
BOE-B-2025-43640,BOE-B-2025-43640#4,1,excluded,n/a
BOE-B-2025-6944,BOE-B-2025-6944#?,60,excluded,n/a
BOE-B-2025-9197,BOE-B-2025-9197#19,9,covered,no
BOE-B-2025-9197,BOE-B-2025-9197#452,20,covered,no
BOE-B-2026-13591,BOE-B-2026-13591#22,3,excluded,n/a
BOE-B-2026-13591,BOE-B-2026-13591#15,1,excluded,n/a
BOE-B-2026-13591,BOE-B-2026-13591#63,2,covered,no
BOE-B-2026-13591,BOE-B-2026-13591#80,3,covered,no
BOE-B-2026-13591,BOE-B-2026-13591#18,2,covered,no
BOE-B-2026-13591,BOE-B-2026-13591#730,5,covered,no
BOE-B-2026-22413,BOE-B-2026-22413#23,1,covered,no
BOE-B-2026-22413,BOE-B-2026-22413#57,4,covered,no
BOE-B-2026-22413,BOE-B-2026-22413#61,1,covered,no
BOE-B-2026-22413,BOE-B-2026-22413#11,1,covered,no
BOE-B-2026-22413,BOE-B-2026-22413#452,1,excluded,n/a
BOE-B-2026-22413,BOE-B-2026-22413#19,1,excluded,n/a
BOE-B-2026-22413,BOE-B-2026-22413#77,1,covered,no
BOE-B-2026-22413,BOE-B-2026-22413#49,1,excluded,n/a
BOE-B-2026-22413,BOE-B-2026-22413#47,1,undeterminable,n/a
BOE-B-2026-22413,BOE-B-2026-22413#52,1,covered,no
BOE-B-2026-22413,BOE-B-2026-22413#37,1,covered,no
BOE-B-2026-22413,BOE-B-2026-22413#40,1,covered,no
BOE-B-2026-3926,BOE-B-2026-3926#?,66,covered,no
BOE-B-2026-4879,BOE-B-2026-4879#4,1,excluded,n/a
