lot_type,scope,lots
building,covered,24
building,excluded,2
building,undeterminable,7
commercial,covered,189
commercial,excluded,3
commercial,undeterminable,1
garage,excluded,75
industrial_agricultural,covered,3
industrial_agricultural,excluded,11
industrial_agricultural,undeterminable,1
land,excluded,2386
land,undeterminable,1
residential,covered,76
residential,excluded,9
residential,undeterminable,5
ruin,excluded,1
ruin,undeterminable,7
unit_in_building,covered,14
unit_in_building,undeterminable,6
unknown,undeterminable,12
