dropped_ine_code,dropped_municipality,share_outside_all_zones_rounded
46005,Alaquàs,0.513
46007,Albal,0.512
46008,Albalat de la Ribera,0.513
46011,Alberic,0.485
46016,Alcàntera de Xúquer,0.512
46017,Alzira,0.513
46019,l'Alcúdia,0.549
46021,Aldaia,0.523
46022,Alfafar,0.512
46026,Alfarb,0.512
46029,Algemesí,0.541
46031,Alginet,0.512
46054,Benetússer,0.51
46064,Benimuslem,0.513
46065,Beniparrell,0.517
46080,Camporrobles,0.511
46083,Carcaixent,0.512
46084,Càrcer,0.512
46085,Carlet,0.512
46093,Catadau,0.511
46094,Catarroja,0.533
46095,Caudete de las Fuentes,0.511
46098,Corbera,0.512
46100,Cotes,0.512
46102,Quart de Poblet,0.512
46105,Cullera,0.51
46110,Xirivella,0.533
46111,Chiva,0.512
46125,Fortaleny,0.512
46130,Gavarda,0.512
46139,Guadassuar,0.517
46148,Loriguilla,0.512
46152,Llocnou de la Corona,0.511
46156,Llombai,0.512
46159,Manises,0.511
46162,Massalavés,0.511
46165,Massanassa,0.519
46169,Mislata,0.512
46172,Montserrat,0.511
46176,Montroi/Montroy,0.511
46186,Paiporta,0.477
46191,Pedralba,0.512
46193,Picanya,0.484
46197,Polinyà de Xúquer,0.512
46203,la Pobla Llarga,0.502
46209,Rafelguaraf,0.51
46212,Real,0.511
46213,Requena,0.511
46214,Riba-roja de Túria,0.512
46215,Riola,0.514
46222,Sant Joanet,0.51
46223,Sedaví,0.5
46229,Siete Aguas,0.511
46232,Sinarcas,0.511
46233,Sollana,0.512
46235,Sueca,0.509
46244,Torrent,0.504
46248,Turís,0.511
46249,Utiel,0.516
46250,València,0.479
46257,Castelló,0.502
46904,Benicull de Xúquer,0.509
