entity_id,statement_url,date_method,extracted_date,context,verdict,note
INE08253,https://www.santamariabesora.cat/altres-continguts/accessibiltiat,v2,2025-06-13,Preparació de la present declaració d'accessibilitat La present declaració fou preparada el dia: 13/06/2025 . El mètode emprat per a preparar la declaració ha e,correct,preparation or review date of the statement
INE09350,https://www.santamariadelcampo.es/declaracion-de-accesibilidad,v2,2022-06-28,Preparación de la presente declaración de accesibilidad La presente declaración fue preparada el 28 de junio de 2022. El Ayuntamiento de Santa María del Campo r,correct,preparation or review date of the statement
INE09373,https://www.sotresgudo.es/declaracion-de-accesibilidad,v2,2022-06-28,Preparación de la presente declaración de accesibilidad La presente declaración fue preparada el 28 de junio de 2022. El Ayuntamiento de Sotresgudo realiza peri,correct,preparation or review date of the statement
INE08052,https://www.ajcastellardenhug.cat/altres-continguts/accessibilitat,v2,2025-05-30,Preparació de la present declaració d'accessibilitat La present declaració fou preparada el dia: 30/05/2025 . El mètode emprat per a preparar la declaració ha e,correct,preparation or review date of the statement
INE08177,https://www.laquar.cat/altres-continguts/accessibilitat,v2,2025-09-26,Preparació de la present declaració d'accessibilitat La present declaració fou preparada el dia: 26/09/2025 . El mètode emprat per a preparar la declaració ha e,correct,preparation or review date of the statement
INE33023,https://www.elfranco.es/index.php?M0=6,v1_ctx_ok,2025-06-27,Preparación de la presente declaración de accesibilidad La presente declaración fue preparada el 27 de junio de 2025. El método empleado para preparar la declar,correct,preparation or review date of the statement
INE02082,https://villatoya.es/accesibilidad/,v2,2024-04-26,Preparación de la presente declaración de accesibilidad La presente declaración fue preparada el 26 de abril de 2024 El método empleado para preparar la declara,correct,preparation or review date of the statement
INE06123,https://sanvicentedealcantara.es/accesibilidad.php,v1_ctx_ok,2026-02-18,Última revisión de la declaración: 18 de febrero de 2026. Observaciones y datos de contacto Puede realizar comunicaciones sobre requisitos de accesibilidad (art,correct,'Ultima revision de la declaracion'
INE08065,https://www.castellvidelamarca.cat/altres-continguts/accessibilitat,v2_recheck,2025-10-18,revisió de la declaració: 18/10/2025 . Observacions i dades de contacte Pot realitzar comunicacions sobre requisits d'accessibilitat (article 10.2.a del RD 1112,correct,preparation or review date of the statement
INE08297,https://www.veciana.cat/altres-continguts/accessibilitat,v2,2025-05-30,Preparació de la present declaració d'accessibilitat La present declaració fou preparada el dia: 30/05/2025 . El mètode emprat per a preparar la declaració ha e,correct,preparation or review date of the statement
INE46135,https://www.godella.es/es/ayuntamiento/accesibilidad,v1_ctx_ok,2024-03-27,Preparación de la presente declaración de accesibilidad La presente declaración de accesibilidad fue preparada el 27/03/2024. El método empleado para la present,correct,preparation or review date of the statement
INE17086,https://lajonquera.cat/parentpage/accessibilitat/,v1_ctx_ok,2024-01-08,Preparació de la declaració d’accessibilitat Aquesta declaració ha estat preparada amb data 08 de gener de 2024. El mètode utilitzat per preparar la declaració ,correct,preparation or review date of the statement
INE08212,https://www.santfeliusasserra.cat/altres-continguts/accessibilitat,v2,2024-06-18,Preparació de la present declaració d'accessibilitat provisional. La present declaració provisional ha estat preparada el dia 18/06/2024. El mètode emprat per p,correct,provisional statement; preparation date
INE11009,https://www.benaocaz.es/accesibilidad,v2,2020-12-02,revisión de la declaración: 2 de Diciembre de 2020 . Observaciones y datos de contacto Puede realizar comunicaciones sobre requisitos de accesibilidad (artículo,correct,preparation or review date of the statement
INE23032,https://www.espeluy.es/accesibilidad/,v2,2023-12-11,"revisión sobre el nivel de accesibilidad de este sitio se ha realizado el 11 de diciembre de 2023. *En cumplimiento del Real Decreto 1112/2018, de 7 de septiemb",correct,date of the site's accessibility review that the statement reports ('la ultima revision sobre el nivel de accesibilidad de este sitio'); counted as a review date
INE02058,https://paternadelmadera.es/accesibilidad/,v2,2024-04-26,Preparación de la presente declaración de accesibilidad La presente declaración fue preparada el 26 de abril de 2024 El método empleado para preparar la declara,correct,preparation or review date of the statement
INE14071,https://villanuevadelrey.es/accesibilidad/,v1_ctx_ok,2022-09-20,preparar la declaración ha sido una autoevaluación llevada a cabo por el propio organismo. Última revisión de la declaración: 20 de septiembre de 2022. Observac,correct,preparation or review date of the statement
INE17060,https://darnius.cat/parentpage/accessibilitat/,v2,2024-01-03,Preparació de la declaració d’accessibilitat Aquesta declaració ha estat preparada amb data 03 de gener de 2024. El mètode utilitzat per preparar la declaració ,correct,preparation or review date of the statement
INE14060,https://santaella.es/accesibilidad/,v1_ctx_ok,2022-08-11,preparar la declaración ha sido una autoevaluación llevada a cabo por el propio organismo. Última revisión de la declaración: 11 de agosto de 2022. Observacione,correct,preparation or review date of the statement
INE09428,https://www.villaescusaderoa.es/declaracion-de-accesibilidad,v2,2022-06-28,Preparación de la presente declaración de accesibilidad La presente declaración fue preparada el 28 de junio de 2022. El Ayuntamiento de Villaescusa de Roa real,correct,preparation or review date of the statement
INE17070,https://ajfontanilles.cat/parentpage/accessibilitat/,v2,2024-01-04,Preparació de la declaració d’accessibilitat Aquesta declaració ha estat preparada amb data 04 de gener de 2024. El mètode utilitzat per preparar la declaració ,correct,preparation or review date of the statement
INE18001,https://www.agron.es/accesibilidad/,v2,2023-09-06,Preparación de la presente declaración de accesibilidad La presente declaración fue preparada el 6 de septiembre de 2023 . El método empleado para preparar la d,correct,preparation or review date of the statement
INE08174,https://www.puigdalber.cat/altres-continguts/accessibilitat,v2,2026-01-16,Preparació de la present declaració d'accessibilitat La present declaració fou preparada el dia: 16/01/2026 . El mètode emprat per a preparar la declaració ha e,correct,preparation or review date of the statement
INE46189,https://www.elpalomar.es/es/ayuntamiento/accesibilidad,v2,2024-03-27,Preparación de la presente declaración de accesibilidad La presente declaración de accesibilidad fue preparada el 27/03/2024. El método empleado para la present,correct,preparation or review date of the statement
INE11018,https://www.elgastor.es/accesibilidad,v1_ctx_ok,2020-08-11,"Preparación de la presente declaración de accesibilidad La presente declaración fue preparada el 11 de Agosto de 2020 . Estamos ante una declaración preliminar,",correct,preparation or review date of the statement
INE06132,https://torremayor.es/accesibilidad.php,v1_ctx_ok,2026-02-18,Última revisión de la declaración: 18 de febrero de 2026. Observaciones y datos de contacto Puede realizar comunicaciones sobre requisitos de accesibilidad (art,correct,'Ultima revision de la declaracion'
INE17056,https://cornelladelterri.cat/parentpage/accessibilitat/,v1_ctx_ok,2024-01-03,Preparació de la declaració d’accessibilitat Aquesta declaració ha estat preparada amb data 03 de gener de 2024. El mètode utilitzat per preparar la declaració ,correct,preparation or review date of the statement
INE08267,https://www.sentmenat.cat/altres-continguts/accessibilitat,v2_recheck,2026-01-24,revisió de la declaració: 24/01/2026 . Observacions i dades de contacte Pot realitzar comunicacions sobre requisits d'accessibilitat (article 10.2.a del RD 1112,correct,preparation or review date of the statement
INE46047,https://www.belgida.es/ayuntamiento/accesibilidad,v2,2024-03-27,Preparació de la present declaració d'accessibilitat La present declaració d'accessibilitat va ser preparada el 27/03/2024. El mètode emprat per a la present de,correct,preparation or review date of the statement
INE02040,https://hoyagonzalo.es/accesibilidad/,v2,2024-04-26,Preparación de la presente declaración de accesibilidad La presente declaración fue preparada el 26 de abril de 2024 El método empleado para preparar la declara,correct,preparation or review date of the statement
INE28068,https://www.guadarrama.es/contents/index3.php?id=51,v1_ctx_ok,2026-02-10,Preparación de la presente declaración La presente declaración fue preparada el 10 de febrero de 2026 . El método empleado ha sido una autoevaluación realizada ,correct,preparation or review date of the statement
INE09050,https://www.berberana.es/declaracion-de-accesibilidad,v2,2022-06-28,Preparación de la presente declaración de accesibilidad La presente declaración fue preparada el 28 de junio de 2022. El Ayuntamiento de Berberana realiza perió,correct,preparation or review date of the statement
INE17126,https://parlava.cat/parentpage/accessibilitat/,v2,2024-01-09,Preparació de la declaració d’accessibilitat Aquesta declaració ha estat preparada amb data 09 de gener de 2024. El mètode utilitzat per preparar la declaració ,correct,preparation or review date of the statement
INE11041,https://www.villamartin.es/ayuntamiento/accesibilidad,v1_ctx_ok,2020-08-11,"Preparación de la presente declaración de accesibilidad La presente declaración fue preparada el 11 de Agosto de 2020 . Estamos ante una declaración preliminar,",correct,preparation or review date of the statement
INE17031,https://cabanelles.cat/parentpage/accessibilitat/,v2,2024-01-02,Preparació de la declaració d’accessibilitat Aquesta declaració ha estat preparada amb data 02 de gener de 2024. El mètode utilitzat per preparar la declaració ,correct,preparation or review date of the statement
INE09390,https://www.torresandino.es/declaracion-de-accesibilidad,v2,2022-06-28,Preparación de la presente declaración de accesibilidad La presente declaración fue preparada el 28 de junio de 2022. El Ayuntamiento de Torresandino realiza pe,correct,preparation or review date of the statement
INE39022,https://ayuntamientocillorigo.org/declaracion-de-accesibilidad/,v1_ctx_ok,2025-08-19,preparada en junio de 2025. El método empleado para preparar la declaración ha sido auto-evaluación. Última revisión de la declaración: 19/08/2025 Observaciones,correct,"two dates (prepared June 2025, last review 19/08/2025); the later one was kept, as intended"
INE08029,https://www.cabrerademar.cat/altres-continguts/accessibilitat,v2_recheck,2024-12-18,Preparació de la present declaració d'accessibilitat provisional. La present declaració provisional ha estat preparada el dia 18/12/2024 . El mètode emprat per ,correct,provisional statement; preparation date
INE23079,https://www.santistebandelpuerto.es/accesibilidad/,v1_ctx_ok,2023-12-11,"última revisión sobre el nivel de accesibilidad de este sitio se ha realizado el 11 de diciembre de 2023. *En cumplimiento del Real Decreto 1112/2018, de 7 de s",correct,same template as INE23032: the review on which the statement is based
INE09019,https://www.arandilla.es/declaracion-de-accesibilidad,v2,2022-06-28,Preparación de la presente declaración de accesibilidad La presente declaración fue preparada el 28 de junio de 2022. El Ayuntamiento de Arandilla realiza perió,correct,preparation or review date of the statement
