from,to,measure,housing,words_from,words_to,ratio
v6-2025c,v7-2025d,C1.I1,False,757,60,0.079
v6-2025c,v7-2025d,C1.I2,False,173,34,0.197
v6-2025c,v7-2025d,C1.I3,False,168,27,0.161
v6-2025c,v7-2025d,C1.R1,False,184,184,1.0
v6-2025c,v7-2025d,C1.R2,False,434,24,0.055
v6-2025c,v7-2025d,C1.R3,False,383,383,1.0
v6-2025c,v7-2025d,C10.I1,False,400,40,0.1
v6-2025c,v7-2025d,C10.R1,False,275,275,1.0
v6-2025c,v7-2025d,C11.I1,False,153,68,0.444
v6-2025c,v7-2025d,C11.I2,False,176,55,0.312
v6-2025c,v7-2025d,C11.I3,False,31,85,2.742
v6-2025c,v7-2025d,C11.I4,False,225,74,0.329
v6-2025c,v7-2025d,C11.I5,False,102,69,0.676
v6-2025c,v7-2025d,C11.I6,False,1527,37,0.024
v6-2025c,v7-2025d,C11.R1,False,225,111,0.493
v6-2025c,v7-2025d,C11.R2,False,182,182,1.0
v6-2025c,v7-2025d,C11.R3,False,150,77,0.513
v6-2025c,v7-2025d,C11.R4,False,212,212,1.0
v6-2025c,v7-2025d,C11.R5,False,218,160,0.734
v6-2025c,v7-2025d,C12.I2,False,581,48,0.083
v6-2025c,v7-2025d,C12.I3,False,336,26,0.077
v6-2025c,v7-2025d,C12.I4,False,131,68,0.519
v6-2025c,v7-2025d,C12.I5,False,855,785,0.918
v6-2025c,v7-2025d,C12.I6,False,595,531,0.892
v6-2025c,v7-2025d,C12.I7,False,596,482,0.809
v6-2025c,v7-2025d,C12.R2,False,961,83,0.086
v6-2025c,v7-2025d,C13.I1,False,578,89,0.154
v6-2025c,v7-2025d,C13.I10,False,138,29,0.21
v6-2025c,v7-2025d,C13.I12,False,684,642,0.939
v6-2025c,v7-2025d,C13.I13,False,1257,1242,0.988
v6-2025c,v7-2025d,C13.I2,False,650,588,0.905
v6-2025c,v7-2025d,C13.I6,False,2666,2603,0.976
v6-2025c,v7-2025d,C13.I7,False,1134,1122,0.989
v6-2025c,v7-2025d,C13.I8,False,1456,1444,0.992
v6-2025c,v7-2025d,C13.R1,False,871,708,0.813
v6-2025c,v7-2025d,C13.R2,False,417,417,1.0
v6-2025c,v7-2025d,C13.R3,False,129,62,0.481
v6-2025c,v7-2025d,C14.I1,False,803,43,0.054
v6-2025c,v7-2025d,C14.I2,False,153,46,0.301
v6-2025c,v7-2025d,C14.I3,False,206,42,0.204
v6-2025c,v7-2025d,C14.I4,False,554,44,0.079
v6-2025c,v7-2025d,C14.R1,False,204,204,1.0
v6-2025c,v7-2025d,C15.I1,False,212,34,0.16
v6-2025c,v7-2025d,C15.I3,False,55,36,0.655
v6-2025c,v7-2025d,C15.I5,False,154,38,0.247
v6-2025c,v7-2025d,C15.I6,False,453,28,0.062
v6-2025c,v7-2025d,C15.I8,False,212,39,0.184
v6-2025c,v7-2025d,C15.I9,False,749,735,0.981
v6-2025c,v7-2025d,C15.R1,False,107,107,1.0
v6-2025c,v7-2025d,C15.R2,False,131,131,1.0
v6-2025c,v7-2025d,C16.R1,False,871,131,0.15
v6-2025c,v7-2025d,C17.I1,False,211,211,1.0
v6-2025c,v7-2025d,C17.I10,False,838,626,0.747
v6-2025c,v7-2025d,C17.I2,False,396,52,0.131
v6-2025c,v7-2025d,C17.I3,False,529,536,1.013
v6-2025c,v7-2025d,C17.I4,False,212,35,0.165
v6-2025c,v7-2025d,C17.I5,False,412,34,0.083
v6-2025c,v7-2025d,C17.I6,False,275,38,0.138
v6-2025c,v7-2025d,C17.I7,False,451,47,0.104
v6-2025c,v7-2025d,C17.I8,False,333,340,1.021
v6-2025c,v7-2025d,C17.I9,False,415,40,0.096
v6-2025c,v7-2025d,C17.R1,False,117,117,1.0
v6-2025c,v7-2025d,C17.R2,False,268,268,1.0
v6-2025c,v7-2025d,C17.R3,False,190,190,1.0
v6-2025c,v7-2025d,C18.I1,False,168,168,1.0
v6-2025c,v7-2025d,C18.I2,False,69,46,0.667
v6-2025c,v7-2025d,C18.I3,False,167,49,0.293
v6-2025c,v7-2025d,C18.I4,False,257,62,0.241
v6-2025c,v7-2025d,C18.I5,False,403,87,0.216
v6-2025c,v7-2025d,C18.I6,False,89,75,0.843
v6-2025c,v7-2025d,C18.R1,False,174,174,1.0
v6-2025c,v7-2025d,C18.R2,False,142,142,1.0
v6-2025c,v7-2025d,C18.R3,False,236,87,0.369
v6-2025c,v7-2025d,C18.R4,False,222,85,0.383
v6-2025c,v7-2025d,C19.I1,False,114,41,0.36
v6-2025c,v7-2025d,C19.I2,False,179,43,0.24
v6-2025c,v7-2025d,C19.I3,False,106,29,0.274
v6-2025c,v7-2025d,C19.I4,False,83,31,0.373
v6-2025c,v7-2025d,C19.R1,False,98,98,1.0
v6-2025c,v7-2025d,C2.I1,False,329,42,0.128
v6-2025c,v7-2025d,C2.I2,True,160,83,0.519
v6-2025c,v7-2025d,C2.I3,False,124,31,0.25
v6-2025c,v7-2025d,C2.I4,False,232,51,0.22
v6-2025c,v7-2025d,C2.I5,False,108,20,0.185
v6-2025c,v7-2025d,C2.I6,False,215,215,1.0
v6-2025c,v7-2025d,C2.I7,True,997,983,0.986
v6-2025c,v7-2025d,C2.R1,False,316,316,1.0
v6-2025c,v7-2025d,C2.R2,False,326,326,1.0
v6-2025c,v7-2025d,C2.R3,True,218,218,1.0
v6-2025c,v7-2025d,C2.R4,False,145,145,1.0
v6-2025c,v7-2025d,C2.R5,False,109,109,1.0
v6-2025c,v7-2025d,C2.R6,False,142,142,1.0
v6-2025c,v7-2025d,C2.R7,True,163,73,0.448
v6-2025c,v7-2025d,C20.I1,False,276,41,0.149
v6-2025c,v7-2025d,C20.I2,False,285,52,0.182
v6-2025c,v7-2025d,C20.I3,False,280,30,0.107
v6-2025c,v7-2025d,C20.R1,False,371,371,1.0
v6-2025c,v7-2025d,C20.R2,False,247,247,1.0
v6-2025c,v7-2025d,C21.I1,False,174,32,0.184
v6-2025c,v7-2025d,C21.I2,False,221,36,0.163
v6-2025c,v7-2025d,C21.I3,False,106,35,0.33
v6-2025c,v7-2025d,C21.I4,False,273,273,1.0
v6-2025c,v7-2025d,C21.I5,False,313,39,0.125
v6-2025c,v7-2025d,C21.I6,False,238,36,0.151
v6-2025c,v7-2025d,C21.R1,False,226,226,1.0
v6-2025c,v7-2025d,C21.R2,False,314,60,0.191
v6-2025c,v7-2025d,C21.R3,False,407,407,1.0
v6-2025c,v7-2025d,C22.I1,False,206,39,0.189
v6-2025c,v7-2025d,C22.I2,False,243,89,0.366
v6-2025c,v7-2025d,C22.I3,False,112,73,0.652
v6-2025c,v7-2025d,C22.I4,False,144,80,0.556
v6-2025c,v7-2025d,C22.I5,False,146,35,0.24
v6-2025c,v7-2025d,C22.I6,False,1162,1150,0.99
v6-2025c,v7-2025d,C22.R1,False,202,202,1.0
v6-2025c,v7-2025d,C22.R2,False,191,91,0.476
v6-2025c,v7-2025d,C22.R4,False,317,317,1.0
v6-2025c,v7-2025d,C22.R5,False,187,81,0.433
v6-2025c,v7-2025d,C23.I1,False,209,29,0.139
v6-2025c,v7-2025d,C23.I2,False,175,42,0.24
v6-2025c,v7-2025d,C23.I3,False,185,30,0.162
v6-2025c,v7-2025d,C23.I4,False,203,32,0.158
v6-2025c,v7-2025d,C23.I5,False,145,56,0.386
v6-2025c,v7-2025d,C23.I6,False,155,84,0.542
v6-2025c,v7-2025d,C23.I7,False,258,79,0.306
v6-2025c,v7-2025d,C23.R1,False,171,171,1.0
v6-2025c,v7-2025d,C23.R10,False,200,200,1.0
v6-2025c,v7-2025d,C23.R2,False,183,183,1.0
v6-2025c,v7-2025d,C23.R3,False,117,117,1.0
v6-2025c,v7-2025d,C23.R4,False,224,224,1.0
v6-2025c,v7-2025d,C23.R5,False,526,526,1.0
v6-2025c,v7-2025d,C23.R6,False,232,232,1.0
v6-2025c,v7-2025d,C23.R7,False,144,144,1.0
v6-2025c,v7-2025d,C23.R8,False,126,126,1.0
v6-2025c,v7-2025d,C23.R9,False,131,131,1.0
v6-2025c,v7-2025d,C24.I1,False,321,49,0.153
v6-2025c,v7-2025d,C24.I2,False,346,74,0.214
v6-2025c,v7-2025d,C24.I3,False,425,425,1.0
v6-2025c,v7-2025d,C24.R1,False,202,202,1.0
v6-2025c,v7-2025d,C25.I1,False,241,41,0.17
v6-2025c,v7-2025d,C25.I2,False,83,71,0.855
v6-2025c,v7-2025d,C25.I3,False,1021,1007,0.986
v6-2025c,v7-2025d,C25.R1,False,344,276,0.802
v6-2025c,v7-2025d,C26.I1,False,74,38,0.514
v6-2025c,v7-2025d,C26.I2,False,155,25,0.161
v6-2025c,v7-2025d,C26.I3,False,158,38,0.241
v6-2025c,v7-2025d,C26.R1,False,91,91,1.0
v6-2025c,v7-2025d,C27.R1,False,190,190,1.0
v6-2025c,v7-2025d,C27.R2,False,148,148,1.0
v6-2025c,v7-2025d,C27.R3,False,154,154,1.0
v6-2025c,v7-2025d,C27.R4,False,106,106,1.0
v6-2025c,v7-2025d,C27.R5,False,81,81,1.0
v6-2025c,v7-2025d,C28.I1,False,160,39,0.244
v6-2025c,v7-2025d,C28.R1,False,125,125,1.0
v6-2025c,v7-2025d,C28.R2,False,161,48,0.298
v6-2025c,v7-2025d,C28.R3,False,123,123,1.0
v6-2025c,v7-2025d,C28.R4,False,86,86,1.0
v6-2025c,v7-2025d,C28.R5,False,105,105,1.0
v6-2025c,v7-2025d,C28.R6,False,77,77,1.0
v6-2025c,v7-2025d,C28.R7,False,174,174,1.0
v6-2025c,v7-2025d,C28.R8,False,86,86,1.0
v6-2025c,v7-2025d,C28.R9,False,106,106,1.0
v6-2025c,v7-2025d,C29.R1,False,226,226,1.0
v6-2025c,v7-2025d,C29.R2,False,90,90,1.0
v6-2025c,v7-2025d,C29.R3,False,103,103,1.0
v6-2025c,v7-2025d,C3.I1,False,456,32,0.07
v6-2025c,v7-2025d,C3.I10,False,197,197,1.0
v6-2025c,v7-2025d,C3.I11,False,348,348,1.0
v6-2025c,v7-2025d,C3.I12,False,49,37,0.755
v6-2025c,v7-2025d,C3.I2,False,90,42,0.467
v6-2025c,v7-2025d,C3.I3,False,160,49,0.306
v6-2025c,v7-2025d,C3.I4,False,160,37,0.231
v6-2025c,v7-2025d,C3.I5,False,369,369,1.0
v6-2025c,v7-2025d,C3.I6,False,317,317,1.0
v6-2025c,v7-2025d,C3.I7,False,156,156,1.0
v6-2025c,v7-2025d,C3.I8,False,105,105,1.0
v6-2025c,v7-2025d,C3.I9,False,220,220,1.0
v6-2025c,v7-2025d,C3.R1,False,260,260,1.0
v6-2025c,v7-2025d,C3.R2,False,334,334,1.0
v6-2025c,v7-2025d,C3.R3,False,191,191,1.0
v6-2025c,v7-2025d,C3.R4,False,82,82,1.0
v6-2025c,v7-2025d,C3.R5,False,125,125,1.0
v6-2025c,v7-2025d,C3.R6,False,176,73,0.415
v6-2025c,v7-2025d,C3.R7,False,114,44,0.386
v6-2025c,v7-2025d,C3.R8,False,141,52,0.369
v6-2025c,v7-2025d,C30.R1,False,209,209,1.0
v6-2025c,v7-2025d,C30.R2,False,392,392,1.0
v6-2025c,v7-2025d,C30.R3,False,111,111,1.0
v6-2025c,v7-2025d,C30.R4,False,152,152,1.0
v6-2025c,v7-2025d,C30.R5,False,202,202,1.0
v6-2025c,v7-2025d,C30.R6,False,101,101,1.0
v6-2025c,v7-2025d,C31.I1,False,117,27,0.231
v6-2025c,v7-2025d,C31.I2,False,862,841,0.976
v6-2025c,v7-2025d,C31.I3,False,873,861,0.986
v6-2025c,v7-2025d,C31.I4,False,114,31,0.272
v6-2025c,v7-2025d,C31.I5,False,300,36,0.12
v6-2025c,v7-2025d,C31.I6,False,596,525,0.881
v6-2025c,v7-2025d,C31.R1,False,175,175,1.0
v6-2025c,v7-2025d,C32.I1,False,44,44,1.0
v6-2025c,v7-2025d,C32.I2,False,55,55,1.0
v6-2025c,v7-2025d,C32.I3,False,39,39,1.0
v6-2025c,v7-2025d,C32.I4,False,59,59,1.0
v6-2025c,v7-2025d,C32.I5,False,38,38,1.0
v6-2025c,v7-2025d,C32.I6,False,602,602,1.0
v6-2025c,v7-2025d,C4.I1,False,259,29,0.112
v6-2025c,v7-2025d,C4.I2,False,283,32,0.113
v6-2025c,v7-2025d,C4.I3,False,510,85,0.167
v6-2025c,v7-2025d,C4.R1,False,373,373,1.0
v6-2025c,v7-2025d,C4.R2,False,222,222,1.0
v6-2025c,v7-2025d,C4.R3,False,272,272,1.0
v6-2025c,v7-2025d,C5.I1,False,321,38,0.118
v6-2025c,v7-2025d,C5.I2,False,274,43,0.157
v6-2025c,v7-2025d,C5.I3,False,283,50,0.177
v6-2025c,v7-2025d,C5.I4,False,259,50,0.193
v6-2025c,v7-2025d,C5.R1,False,138,138,1.0
v6-2025c,v7-2025d,C6.I1,False,228,38,0.167
v6-2025c,v7-2025d,C6.I2,False,181,38,0.21
v6-2025c,v7-2025d,C6.I3,False,173,42,0.243
v6-2025c,v7-2025d,C6.I4,False,554,24,0.043
v6-2025c,v7-2025d,C6.R1,False,204,204,1.0
v6-2025c,v7-2025d,C6.R2,False,157,157,1.0
v6-2025c,v7-2025d,C6.R3,False,176,123,0.699
v6-2025c,v7-2025d,C7.I1,False,145,28,0.193
v6-2025c,v7-2025d,C7.I2,False,184,60,0.326
v6-2025c,v7-2025d,C7.R1,False,234,234,1.0
v6-2025c,v7-2025d,C7.R2,False,180,180,1.0
v6-2025c,v7-2025d,C7.R3,False,119,39,0.328
v6-2025c,v7-2025d,C7.R4,False,328,328,1.0
v6-2025c,v7-2025d,C8.I2,False,226,31,0.137
v6-2025c,v7-2025d,C8.R1,False,131,131,1.0
v6-2025c,v7-2025d,C8.R2,False,176,176,1.0
v6-2025c,v7-2025d,C8.R3,False,259,30,0.116
v6-2025c,v7-2025d,C8.R4,False,195,195,1.0
v6-2025c,v7-2025d,C9.I1,False,832,799,0.96
v6-2025c,v7-2025d,C9.R1,False,127,127,1.0
v8-2026a,v9-2026b,C1.I1,False,61,61,1.0
v8-2026a,v9-2026b,C1.I2,False,34,34,1.0
v8-2026a,v9-2026b,C1.I3,False,27,27,1.0
v8-2026a,v9-2026b,C1.R1,False,184,184,1.0
v8-2026a,v9-2026b,C1.R2,False,24,24,1.0
v8-2026a,v9-2026b,C1.R3,False,383,383,1.0
v8-2026a,v9-2026b,C10.I1,False,40,40,1.0
v8-2026a,v9-2026b,C10.R1,False,275,275,1.0
v8-2026a,v9-2026b,C11.I1,False,66,66,1.0
v8-2026a,v9-2026b,C11.I2,False,55,55,1.0
v8-2026a,v9-2026b,C11.I3,False,85,85,1.0
v8-2026a,v9-2026b,C11.I4,False,74,89,1.203
v8-2026a,v9-2026b,C11.I5,False,69,69,1.0
v8-2026a,v9-2026b,C11.I6,False,77,77,1.0
v8-2026a,v9-2026b,C11.R1,False,111,215,1.937
v8-2026a,v9-2026b,C11.R2,False,182,182,1.0
v8-2026a,v9-2026b,C11.R3,False,77,77,1.0
v8-2026a,v9-2026b,C11.R4,False,212,212,1.0
v8-2026a,v9-2026b,C11.R5,False,160,160,1.0
v8-2026a,v9-2026b,C12.I2,False,48,48,1.0
v8-2026a,v9-2026b,C12.I3,False,26,40,1.538
v8-2026a,v9-2026b,C12.I4,False,68,68,1.0
v8-2026a,v9-2026b,C12.I5,False,789,789,1.0
v8-2026a,v9-2026b,C12.I6,False,476,476,1.0
v8-2026a,v9-2026b,C12.I7,False,413,413,1.0
v8-2026a,v9-2026b,C12.R2,False,83,83,1.0
v8-2026a,v9-2026b,C13.I1,False,89,89,1.0
v8-2026a,v9-2026b,C13.I10,False,29,29,1.0
v8-2026a,v9-2026b,C13.I12,False,642,642,1.0
v8-2026a,v9-2026b,C13.I13,False,1242,1243,1.001
v8-2026a,v9-2026b,C13.I14,False,319,319,1.0
v8-2026a,v9-2026b,C13.I15,False,328,328,1.0
v8-2026a,v9-2026b,C13.I2,False,588,588,1.0
v8-2026a,v9-2026b,C13.I6,False,2603,2609,1.002
v8-2026a,v9-2026b,C13.I7,False,1122,1122,1.0
v8-2026a,v9-2026b,C13.I8,False,1444,1444,1.0
v8-2026a,v9-2026b,C13.R1,False,708,708,1.0
v8-2026a,v9-2026b,C13.R2,False,417,417,1.0
v8-2026a,v9-2026b,C13.R3,False,63,63,1.0
v8-2026a,v9-2026b,C14.I1,False,43,37,0.86
v8-2026a,v9-2026b,C14.I2,False,46,46,1.0
v8-2026a,v9-2026b,C14.I3,False,42,42,1.0
v8-2026a,v9-2026b,C14.I4,False,41,48,1.171
v8-2026a,v9-2026b,C14.R1,False,204,204,1.0
v8-2026a,v9-2026b,C15.I1,False,34,23,0.676
v8-2026a,v9-2026b,C15.I3,False,36,32,0.889
v8-2026a,v9-2026b,C15.I5,False,38,38,1.0
v8-2026a,v9-2026b,C15.I6,False,28,28,1.0
v8-2026a,v9-2026b,C15.I8,False,39,32,0.821
v8-2026a,v9-2026b,C15.I9,False,735,735,1.0
v8-2026a,v9-2026b,C15.R1,False,107,107,1.0
v8-2026a,v9-2026b,C15.R2,False,131,131,1.0
v8-2026a,v9-2026b,C16.R1,False,129,129,1.0
v8-2026a,v9-2026b,C17.I1,False,211,211,1.0
v8-2026a,v9-2026b,C17.I10,False,578,577,0.998
v8-2026a,v9-2026b,C17.I11,False,109,109,1.0
v8-2026a,v9-2026b,C17.I2,False,52,48,0.923
v8-2026a,v9-2026b,C17.I3,False,536,536,1.0
v8-2026a,v9-2026b,C17.I4,False,35,35,1.0
v8-2026a,v9-2026b,C17.I5,False,34,28,0.824
v8-2026a,v9-2026b,C17.I6,False,34,32,0.941
v8-2026a,v9-2026b,C17.I7,False,47,50,1.064
v8-2026a,v9-2026b,C17.I8,False,340,340,1.0
v8-2026a,v9-2026b,C17.I9,False,33,33,1.0
v8-2026a,v9-2026b,C17.R1,False,117,117,1.0
v8-2026a,v9-2026b,C17.R2,False,268,268,1.0
v8-2026a,v9-2026b,C17.R3,False,190,190,1.0
v8-2026a,v9-2026b,C18.I1,False,168,168,1.0
v8-2026a,v9-2026b,C18.I2,False,46,45,0.978
v8-2026a,v9-2026b,C18.I3,False,51,61,1.196
v8-2026a,v9-2026b,C18.I4,False,62,66,1.065
v8-2026a,v9-2026b,C18.I5,False,87,87,1.0
v8-2026a,v9-2026b,C18.I6,False,71,71,1.0
v8-2026a,v9-2026b,C18.R1,False,174,174,1.0
v8-2026a,v9-2026b,C18.R2,False,142,142,1.0
v8-2026a,v9-2026b,C18.R3,False,87,87,1.0
v8-2026a,v9-2026b,C18.R4,False,85,85,1.0
v8-2026a,v9-2026b,C19.I1,False,41,41,1.0
v8-2026a,v9-2026b,C19.I2,False,43,43,1.0
v8-2026a,v9-2026b,C19.I3,False,29,30,1.034
v8-2026a,v9-2026b,C19.I4,False,29,29,1.0
v8-2026a,v9-2026b,C19.R1,False,98,98,1.0
v8-2026a,v9-2026b,C2.I1,False,42,42,1.0
v8-2026a,v9-2026b,C2.I2,True,83,71,0.855
v8-2026a,v9-2026b,C2.I3,False,31,31,1.0
v8-2026a,v9-2026b,C2.I4,False,51,61,1.196
v8-2026a,v9-2026b,C2.I5,False,20,20,1.0
v8-2026a,v9-2026b,C2.I6,False,215,215,1.0
v8-2026a,v9-2026b,C2.I7,True,983,872,0.887
v8-2026a,v9-2026b,C2.R1,False,316,316,1.0
v8-2026a,v9-2026b,C2.R2,False,326,326,1.0
v8-2026a,v9-2026b,C2.R3,True,218,218,1.0
v8-2026a,v9-2026b,C2.R4,False,145,145,1.0
v8-2026a,v9-2026b,C2.R5,False,109,109,1.0
v8-2026a,v9-2026b,C2.R6,False,142,142,1.0
v8-2026a,v9-2026b,C2.R7,True,73,73,1.0
v8-2026a,v9-2026b,C20.I1,False,41,41,1.0
v8-2026a,v9-2026b,C20.I2,False,52,64,1.231
v8-2026a,v9-2026b,C20.I3,False,30,30,1.0
v8-2026a,v9-2026b,C20.R1,False,371,371,1.0
v8-2026a,v9-2026b,C20.R2,False,247,247,1.0
v8-2026a,v9-2026b,C21.I1,False,32,32,1.0
v8-2026a,v9-2026b,C21.I2,False,36,36,1.0
v8-2026a,v9-2026b,C21.I3,False,43,43,1.0
v8-2026a,v9-2026b,C21.I4,False,273,273,1.0
v8-2026a,v9-2026b,C21.I5,False,39,39,1.0
v8-2026a,v9-2026b,C21.I6,False,36,36,1.0
v8-2026a,v9-2026b,C21.R1,False,226,226,1.0
v8-2026a,v9-2026b,C21.R2,False,57,57,1.0
v8-2026a,v9-2026b,C21.R3,False,407,407,1.0
v8-2026a,v9-2026b,C22.I1,False,39,149,3.821
v8-2026a,v9-2026b,C22.I2,False,89,46,0.517
v8-2026a,v9-2026b,C22.I3,False,74,74,1.0
v8-2026a,v9-2026b,C22.I4,False,87,83,0.954
v8-2026a,v9-2026b,C22.I5,False,35,49,1.4
v8-2026a,v9-2026b,C22.I6,False,1150,1150,1.0
v8-2026a,v9-2026b,C22.R1,False,202,202,1.0
v8-2026a,v9-2026b,C22.R2,False,91,85,0.934
v8-2026a,v9-2026b,C22.R4,False,317,317,1.0
v8-2026a,v9-2026b,C22.R5,False,80,80,1.0
v8-2026a,v9-2026b,C22.R6,False,122,122,1.0
v8-2026a,v9-2026b,C23.I1,False,29,69,2.379
v8-2026a,v9-2026b,C23.I2,False,42,75,1.786
v8-2026a,v9-2026b,C23.I3,False,30,153,5.1
v8-2026a,v9-2026b,C23.I4,False,32,35,1.094
v8-2026a,v9-2026b,C23.I5,False,53,53,1.0
v8-2026a,v9-2026b,C23.I6,False,76,76,1.0
v8-2026a,v9-2026b,C23.I7,False,82,82,1.0
v8-2026a,v9-2026b,C23.R1,False,171,171,1.0
v8-2026a,v9-2026b,C23.R10,False,200,200,1.0
v8-2026a,v9-2026b,C23.R2,False,183,183,1.0
v8-2026a,v9-2026b,C23.R3,False,117,117,1.0
v8-2026a,v9-2026b,C23.R4,False,224,224,1.0
v8-2026a,v9-2026b,C23.R5,False,526,526,1.0
v8-2026a,v9-2026b,C23.R6,False,232,232,1.0
v8-2026a,v9-2026b,C23.R7,False,144,144,1.0
v8-2026a,v9-2026b,C23.R8,False,126,126,1.0
v8-2026a,v9-2026b,C23.R9,False,131,131,1.0
v8-2026a,v9-2026b,C24.I1,False,49,49,1.0
v8-2026a,v9-2026b,C24.I2,False,72,72,1.0
v8-2026a,v9-2026b,C24.I3,False,432,432,1.0
v8-2026a,v9-2026b,C24.R1,False,202,202,1.0
v8-2026a,v9-2026b,C25.I1,False,41,41,1.0
v8-2026a,v9-2026b,C25.I2,False,71,71,1.0
v8-2026a,v9-2026b,C25.I3,False,1007,1009,1.002
v8-2026a,v9-2026b,C25.R1,False,276,276,1.0
v8-2026a,v9-2026b,C26.I1,False,38,40,1.053
v8-2026a,v9-2026b,C26.I2,False,25,19,0.76
v8-2026a,v9-2026b,C26.I3,False,36,36,1.0
v8-2026a,v9-2026b,C26.R1,False,91,91,1.0
v8-2026a,v9-2026b,C27.R1,False,190,190,1.0
v8-2026a,v9-2026b,C27.R2,False,148,148,1.0
v8-2026a,v9-2026b,C27.R3,False,154,154,1.0
v8-2026a,v9-2026b,C27.R4,False,106,106,1.0
v8-2026a,v9-2026b,C27.R5,False,81,81,1.0
v8-2026a,v9-2026b,C28.I1,False,39,39,1.0
v8-2026a,v9-2026b,C28.R1,False,125,125,1.0
v8-2026a,v9-2026b,C28.R3,False,123,123,1.0
v8-2026a,v9-2026b,C28.R4,False,86,86,1.0
v8-2026a,v9-2026b,C28.R5,False,105,105,1.0
v8-2026a,v9-2026b,C28.R6,False,77,77,1.0
v8-2026a,v9-2026b,C28.R7,False,174,174,1.0
v8-2026a,v9-2026b,C28.R8,False,86,86,1.0
v8-2026a,v9-2026b,C28.R9,False,106,106,1.0
v8-2026a,v9-2026b,C29.R1,False,226,226,1.0
v8-2026a,v9-2026b,C29.R2,False,90,90,1.0
v8-2026a,v9-2026b,C29.R3,False,103,103,1.0
v8-2026a,v9-2026b,C3.I1,False,28,28,1.0
v8-2026a,v9-2026b,C3.I10,False,197,197,1.0
v8-2026a,v9-2026b,C3.I11,False,348,348,1.0
v8-2026a,v9-2026b,C3.I12,False,30,30,1.0
v8-2026a,v9-2026b,C3.I2,False,42,42,1.0
v8-2026a,v9-2026b,C3.I3,False,49,49,1.0
v8-2026a,v9-2026b,C3.I4,False,37,42,1.135
v8-2026a,v9-2026b,C3.I5,False,369,369,1.0
v8-2026a,v9-2026b,C3.I6,False,317,317,1.0
v8-2026a,v9-2026b,C3.I7,False,156,156,1.0
v8-2026a,v9-2026b,C3.I8,False,105,105,1.0
v8-2026a,v9-2026b,C3.I9,False,220,220,1.0
v8-2026a,v9-2026b,C3.R1,False,260,260,1.0
v8-2026a,v9-2026b,C3.R2,False,334,334,1.0
v8-2026a,v9-2026b,C3.R3,False,191,191,1.0
v8-2026a,v9-2026b,C3.R4,False,82,82,1.0
v8-2026a,v9-2026b,C3.R5,False,125,125,1.0
v8-2026a,v9-2026b,C3.R6,False,73,73,1.0
v8-2026a,v9-2026b,C3.R7,False,44,44,1.0
v8-2026a,v9-2026b,C3.R8,False,52,52,1.0
v8-2026a,v9-2026b,C30.R1,False,209,209,1.0
v8-2026a,v9-2026b,C30.R2,False,392,392,1.0
v8-2026a,v9-2026b,C30.R3,False,111,111,1.0
v8-2026a,v9-2026b,C30.R5,False,202,201,0.995
v8-2026a,v9-2026b,C30.R6,False,101,101,1.0
v8-2026a,v9-2026b,C31.I1,False,27,27,1.0
v8-2026a,v9-2026b,C31.I2,False,841,841,1.0
v8-2026a,v9-2026b,C31.I3,False,861,861,1.0
v8-2026a,v9-2026b,C31.I4,False,31,31,1.0
v8-2026a,v9-2026b,C31.I5,False,36,36,1.0
v8-2026a,v9-2026b,C31.I6,False,467,467,1.0
v8-2026a,v9-2026b,C31.I9,False,550,550,1.0
v8-2026a,v9-2026b,C31.R1,False,175,175,1.0
v8-2026a,v9-2026b,C32.I1,False,44,35,0.795
v8-2026a,v9-2026b,C32.I2,False,55,44,0.8
v8-2026a,v9-2026b,C32.I3,False,39,39,1.0
v8-2026a,v9-2026b,C32.I4,False,59,59,1.0
v8-2026a,v9-2026b,C32.I5,False,38,38,1.0
v8-2026a,v9-2026b,C32.I6,False,602,602,1.0
v8-2026a,v9-2026b,C4.I1,False,29,33,1.138
v8-2026a,v9-2026b,C4.I2,False,32,32,1.0
v8-2026a,v9-2026b,C4.I3,False,85,85,1.0
v8-2026a,v9-2026b,C4.R1,False,373,373,1.0
v8-2026a,v9-2026b,C4.R2,False,222,222,1.0
v8-2026a,v9-2026b,C4.R3,False,272,272,1.0
v8-2026a,v9-2026b,C5.I1,False,38,38,1.0
v8-2026a,v9-2026b,C5.I2,False,43,38,0.884
v8-2026a,v9-2026b,C5.I3,False,50,50,1.0
v8-2026a,v9-2026b,C5.I4,False,50,45,0.9
v8-2026a,v9-2026b,C5.R1,False,138,138,1.0
v8-2026a,v9-2026b,C6.I1,False,38,38,1.0
v8-2026a,v9-2026b,C6.I2,False,38,38,1.0
v8-2026a,v9-2026b,C6.I3,False,42,42,1.0
v8-2026a,v9-2026b,C6.I4,False,24,24,1.0
v8-2026a,v9-2026b,C6.R1,False,204,204,1.0
v8-2026a,v9-2026b,C6.R2,False,157,157,1.0
v8-2026a,v9-2026b,C6.R3,False,123,123,1.0
v8-2026a,v9-2026b,C7.I1,False,28,28,1.0
v8-2026a,v9-2026b,C7.I2,False,60,61,1.017
v8-2026a,v9-2026b,C7.R1,False,234,234,1.0
v8-2026a,v9-2026b,C7.R2,False,180,180,1.0
v8-2026a,v9-2026b,C7.R3,False,39,39,1.0
v8-2026a,v9-2026b,C7.R4,False,328,328,1.0
v8-2026a,v9-2026b,C8.I2,False,31,31,1.0
v8-2026a,v9-2026b,C8.R1,False,131,131,1.0
v8-2026a,v9-2026b,C8.R2,False,176,176,1.0
v8-2026a,v9-2026b,C8.R3,False,30,30,1.0
v8-2026a,v9-2026b,C8.R4,False,195,195,1.0
v8-2026a,v9-2026b,C9.I1,False,799,799,1.0
v8-2026a,v9-2026b,C9.R1,False,127,127,1.0
