version,council_doc,item,field,coverage,n_tokens,identical,differences
v0-2021,ST_10150_2021_ADD_1_REV_2,C2.R3 22,name,1.0000,21,yes,
v0-2021,ST_10150_2021_ADD_1_REV_2,C2.R3 22,description,1.0000,95,yes,
v0-2021,ST_10150_2021_ADD_1_REV_2,C2.I2 30,name,1.0000,31,yes,
v0-2021,ST_10150_2021_ADD_1_REV_2,C2.I2 30,description,1.0000,129,yes,
v0-2021,ST_10150_2021_ADD_1_REV_2,C2.I2 31,name,1.0000,15,yes,
v0-2021,ST_10150_2021_ADD_1_REV_2,C2.I2 31,goal,1.0000,2,yes,
v0-2021,ST_10150_2021_ADD_1_REV_2,C2.I2 31,description,1.0000,104,yes,
v0-2021,ST_10150_2021_ADD_1_REV_2,C2.I2,description,1.0000,122,yes,
v0-2021,ST_10150_2021_ADD_1_REV_2,C2.R3,description,1.0000,218,yes,
v0-2021,ST_10150_2021_ADD_1_REV_2,C2.summary,description,1.0000,31,yes,
v1-2023,ST_13695_2023_ADD_1_REV_1,C2.R3 22,name,1.0000,21,yes,
v1-2023,ST_13695_2023_ADD_1_REV_1,C2.R3 22,description,1.0000,95,yes,
v1-2023,ST_13695_2023_ADD_1_REV_1,C2.I2 30,name,1.0000,31,yes,
v1-2023,ST_13695_2023_ADD_1_REV_1,C2.I2 30,description,1.0000,129,yes,
v1-2023,ST_13695_2023_ADD_1_REV_1,C2.I2 31,name,1.0000,15,yes,
v1-2023,ST_13695_2023_ADD_1_REV_1,C2.I2 31,goal,1.0000,2,yes,
v1-2023,ST_13695_2023_ADD_1_REV_1,C2.I2 31,description,1.0000,104,yes,
v1-2023,ST_13695_2023_ADD_1_REV_1,C2.R7 L2,name,1.0000,17,yes,
v1-2023,ST_13695_2023_ADD_1_REV_1,C2.R7 L2,description,1.0000,56,yes,
v1-2023,ST_13695_2023_ADD_1_REV_1,C2.R7 L3,name,1.0000,13,yes,
v1-2023,ST_13695_2023_ADD_1_REV_1,C2.R7 L3,description,1.0000,60,yes,
v1-2023,ST_13695_2023_ADD_1_REV_1,C2.I7 L4,name,1.0000,2,yes,
v1-2023,ST_13695_2023_ADD_1_REV_1,C2.I7 L4,description,1.0000,7,yes,
v1-2023,ST_13695_2023_ADD_1_REV_1,C2.I7 L5,name,1.0000,16,yes,
v1-2023,ST_13695_2023_ADD_1_REV_1,C2.I7 L5,goal,1.0000,1,yes,
v1-2023,ST_13695_2023_ADD_1_REV_1,C2.I7 L5,description,1.0000,63,yes,
v1-2023,ST_13695_2023_ADD_1_REV_1,C2.I7 L6,name,1.0000,16,yes,
v1-2023,ST_13695_2023_ADD_1_REV_1,C2.I7 L6,goal,1.0000,1,yes,
v1-2023,ST_13695_2023_ADD_1_REV_1,C2.I7 L6,description,1.0000,56,yes,
v1-2023,ST_13695_2023_ADD_1_REV_1,C2.I7 L7,name,1.0000,14,yes,
v1-2023,ST_13695_2023_ADD_1_REV_1,C2.I7 L7,description,1.0000,12,yes,
v1-2023,ST_13695_2023_ADD_1_REV_1,C13.I13 L51,name,1.0000,18,yes,
v1-2023,ST_13695_2023_ADD_1_REV_1,C13.I13 L51,description,1.0000,22,yes,
v1-2023,ST_13695_2023_ADD_1_REV_1,C13.I13 L52,name,1.0000,23,yes,
v1-2023,ST_13695_2023_ADD_1_REV_1,C13.I13 L52,goal,1.0000,1,yes,
v1-2023,ST_13695_2023_ADD_1_REV_1,C13.I13 L52,description,1.0000,27,yes,
v1-2023,ST_13695_2023_ADD_1_REV_1,C13.I13 L53,name,1.0000,5,yes,
v1-2023,ST_13695_2023_ADD_1_REV_1,C13.I13 L53,description,1.0000,7,yes,
v1-2023,ST_13695_2023_ADD_1_REV_1,C13.I13 L54,name,1.0000,15,yes,
v1-2023,ST_13695_2023_ADD_1_REV_1,C13.I13 L54,goal,1.0000,1,yes,
v1-2023,ST_13695_2023_ADD_1_REV_1,C13.I13 L54,description,0.9911,112,no,replace: «25» → «15»
v1-2023,ST_13695_2023_ADD_1_REV_1,C13.I13 L55,name,1.0000,15,yes,
v1-2023,ST_13695_2023_ADD_1_REV_1,C13.I13 L55,goal,1.0000,1,yes,
v1-2023,ST_13695_2023_ADD_1_REV_1,C13.I13 L55,description,1.0000,112,yes,
v1-2023,ST_13695_2023_ADD_1_REV_1,C13.I13 L56,name,1.0000,15,yes,
v1-2023,ST_13695_2023_ADD_1_REV_1,C13.I13 L56,goal,1.0000,1,yes,
v1-2023,ST_13695_2023_ADD_1_REV_1,C13.I13 L56,description,1.0000,112,yes,
v1-2023,ST_13695_2023_ADD_1_REV_1,C13.I13 L57,name,1.0000,15,yes,
v1-2023,ST_13695_2023_ADD_1_REV_1,C13.I13 L57,goal,1.0000,1,yes,
v1-2023,ST_13695_2023_ADD_1_REV_1,C13.I13 L57,description,1.0000,110,yes,
v1-2023,ST_13695_2023_ADD_1_REV_1,C13.I13 L58,name,1.0000,13,yes,
v1-2023,ST_13695_2023_ADD_1_REV_1,C13.I13 L58,goal,1.0000,1,yes,
v1-2023,ST_13695_2023_ADD_1_REV_1,C13.I13 L58,description,1.0000,69,yes,
v1-2023,ST_13695_2023_ADD_1_REV_1,C13.I13 L59,name,1.0000,13,yes,
v1-2023,ST_13695_2023_ADD_1_REV_1,C13.I13 L59,goal,1.0000,1,yes,
v1-2023,ST_13695_2023_ADD_1_REV_1,C13.I13 L59,description,1.0000,67,yes,
v1-2023,ST_13695_2023_ADD_1_REV_1,C13.I13 L60,name,1.0000,5,yes,
v1-2023,ST_13695_2023_ADD_1_REV_1,C13.I13 L60,description,1.0000,28,yes,
v1-2023,ST_13695_2023_ADD_1_REV_1,C13.I13 L61,name,1.0000,12,yes,
v1-2023,ST_13695_2023_ADD_1_REV_1,C13.I13 L61,description,1.0000,23,yes,
v1-2023,ST_13695_2023_ADD_1_REV_1,C13.I13 L62,name,1.0000,15,yes,
v1-2023,ST_13695_2023_ADD_1_REV_1,C13.I13 L62,description,1.0000,15,yes,
v1-2023,ST_13695_2023_ADD_1_REV_1,C2.I2,description,1.0000,122,yes,
v1-2023,ST_13695_2023_ADD_1_REV_1,C2.I7,description,1.0000,969,yes,
v1-2023,ST_13695_2023_ADD_1_REV_1,C2.R3,description,1.0000,218,yes,
v1-2023,ST_13695_2023_ADD_1_REV_1,C2.R7,description,1.0000,164,yes,
v1-2023,ST_13695_2023_ADD_1_REV_1,C13.I13,description,0.9931,1295,no,replace: «odirect» → «13695 23 add 1 rev 1 jgr sr ecofin 1a 203 en o direct» | replace: «ointermediated» → «o intermediated» | insert: «» → «2» | delete: «2» → «» | insert: «» → «137 except for a assets and activities in power and or heat generation as well as related transmission and distribution infrastructure using natural gas that are compliant with the conditions set out in annex iii of the do no significant harm technical guidance 2021 c58 01 and b activities and assets under point» | insert: «» → «for which the use of fossil fuels is temporary and technically unavoidable for the timely transition towards a fossil fuel free operation 138 including activities and assets under the eu emission trading system ets achieving projected greenhouse gas emissions that are not lower than the relevant benchmarks where the activity supported achieves projected greenhouse gas emissions that are not significantly lower than the relevant benchmarks an explanation of the reasons why this is not possible shall be provided benchmarks established for free allocation for activities falling within the scope of the emissions trading system as set out in the commission implementing regulation eu 2021 447 the implementation of the measure shall be completed by 31 august 2026 139 this exclusion does not apply to actions under this measure in plants exclusively dedicated to treating nonrecyclable hazardous waste and to existing plants where the actions under this measure are for the purpose of in
v1-2023,ST_13695_2023_ADD_1_REV_1,C2.summary,description,1.0000,31,yes,
v2-2024a,ST_9303_2024_ADD_1,C2.R3 22,name,1.0000,21,yes,
v2-2024a,ST_9303_2024_ADD_1,C2.R3 22,description,1.0000,95,yes,
v2-2024a,ST_9303_2024_ADD_1,C2.I2 30,name,1.0000,31,yes,
v2-2024a,ST_9303_2024_ADD_1,C2.I2 30,description,1.0000,129,yes,
v2-2024a,ST_9303_2024_ADD_1,C2.I2 31,name,1.0000,15,yes,
v2-2024a,ST_9303_2024_ADD_1,C2.I2 31,goal,1.0000,2,yes,
v2-2024a,ST_9303_2024_ADD_1,C2.I2 31,description,1.0000,104,yes,
v2-2024a,ST_9303_2024_ADD_1,C2.R7 L2,name,1.0000,17,yes,
v2-2024a,ST_9303_2024_ADD_1,C2.R7 L2,description,1.0000,56,yes,
v2-2024a,ST_9303_2024_ADD_1,C2.R7 L3,name,1.0000,13,yes,
v2-2024a,ST_9303_2024_ADD_1,C2.R7 L3,description,1.0000,60,yes,
v2-2024a,ST_9303_2024_ADD_1,C2.I7 L4,name,1.0000,2,yes,
v2-2024a,ST_9303_2024_ADD_1,C2.I7 L4,description,1.0000,7,yes,
v2-2024a,ST_9303_2024_ADD_1,C2.I7 L5,name,1.0000,16,yes,
v2-2024a,ST_9303_2024_ADD_1,C2.I7 L5,goal,1.0000,1,yes,
v2-2024a,ST_9303_2024_ADD_1,C2.I7 L5,description,1.0000,63,yes,
v2-2024a,ST_9303_2024_ADD_1,C2.I7 L6,name,1.0000,16,yes,
v2-2024a,ST_9303_2024_ADD_1,C2.I7 L6,goal,1.0000,1,yes,
v2-2024a,ST_9303_2024_ADD_1,C2.I7 L6,description,1.0000,56,yes,
v2-2024a,ST_9303_2024_ADD_1,C2.I7 L7,name,1.0000,14,yes,
v2-2024a,ST_9303_2024_ADD_1,C2.I7 L7,description,1.0000,12,yes,
v2-2024a,ST_9303_2024_ADD_1,C13.I13 L51,name,1.0000,18,yes,
v2-2024a,ST_9303_2024_ADD_1,C13.I13 L51,description,1.0000,22,yes,
v2-2024a,ST_9303_2024_ADD_1,C13.I13 L52,name,1.0000,23,yes,
v2-2024a,ST_9303_2024_ADD_1,C13.I13 L52,goal,1.0000,1,yes,
v2-2024a,ST_9303_2024_ADD_1,C13.I13 L52,description,1.0000,27,yes,
v2-2024a,ST_9303_2024_ADD_1,C13.I13 L53,name,1.0000,5,yes,
v2-2024a,ST_9303_2024_ADD_1,C13.I13 L53,description,1.0000,7,yes,
v2-2024a,ST_9303_2024_ADD_1,C13.I13 L54,name,1.0000,15,yes,
v2-2024a,ST_9303_2024_ADD_1,C13.I13 L54,goal,1.0000,1,yes,
v2-2024a,ST_9303_2024_ADD_1,C13.I13 L54,description,1.0000,112,yes,
v2-2024a,ST_9303_2024_ADD_1,C13.I13 L55,name,1.0000,15,yes,
v2-2024a,ST_9303_2024_ADD_1,C13.I13 L55,goal,1.0000,1,yes,
v2-2024a,ST_9303_2024_ADD_1,C13.I13 L55,description,1.0000,112,yes,
v2-2024a,ST_9303_2024_ADD_1,C13.I13 L56,name,1.0000,15,yes,
v2-2024a,ST_9303_2024_ADD_1,C13.I13 L56,goal,1.0000,1,yes,
v2-2024a,ST_9303_2024_ADD_1,C13.I13 L56,description,1.0000,112,yes,
v2-2024a,ST_9303_2024_ADD_1,C13.I13 L57,name,1.0000,15,yes,
v2-2024a,ST_9303_2024_ADD_1,C13.I13 L57,goal,1.0000,1,yes,
v2-2024a,ST_9303_2024_ADD_1,C13.I13 L57,description,1.0000,110,yes,
v2-2024a,ST_9303_2024_ADD_1,C13.I13 L58,name,1.0000,13,yes,
v2-2024a,ST_9303_2024_ADD_1,C13.I13 L58,goal,1.0000,1,yes,
v2-2024a,ST_9303_2024_ADD_1,C13.I13 L58,description,1.0000,69,yes,
v2-2024a,ST_9303_2024_ADD_1,C13.I13 L59,name,1.0000,13,yes,
v2-2024a,ST_9303_2024_ADD_1,C13.I13 L59,goal,1.0000,1,yes,
v2-2024a,ST_9303_2024_ADD_1,C13.I13 L59,description,1.0000,67,yes,
v2-2024a,ST_9303_2024_ADD_1,C13.I13 L60,name,1.0000,5,yes,
v2-2024a,ST_9303_2024_ADD_1,C13.I13 L60,description,1.0000,28,yes,
v2-2024a,ST_9303_2024_ADD_1,C13.I13 L61,name,1.0000,12,yes,
v2-2024a,ST_9303_2024_ADD_1,C13.I13 L61,description,1.0000,23,yes,
v2-2024a,ST_9303_2024_ADD_1,C13.I13 L62,name,1.0000,15,yes,
v2-2024a,ST_9303_2024_ADD_1,C13.I13 L62,description,1.0000,15,yes,
v2-2024a,ST_9303_2024_ADD_1,C2.I2,description,1.0000,122,yes,
v2-2024a,ST_9303_2024_ADD_1,C2.I7,description,1.0000,969,yes,
v2-2024a,ST_9303_2024_ADD_1,C2.R3,description,1.0000,218,yes,
v2-2024a,ST_9303_2024_ADD_1,C2.R7,description,1.0000,164,yes,
v2-2024a,ST_9303_2024_ADD_1,C13.I13,description,0.9931,1295,no,replace: «odirect» → «o direct» | replace: «ointermediated» → «o intermediated» | insert: «» → «9303 24 add 1 jgr sr ecofin 1a 202 en» | insert: «» → «2» | delete: «2» → «» | replace: «eu» → «eu141» | insert: «» → «137 except for a assets and activities in power and or heat generation as well as related transmission and distribution infrastructure using natural gas that are compliant with the conditions set out in annex iii of the do no significant harm technical guidance 2021 c58 01 and b activities and assets under point ii for which the use of fossil fuels is temporary and technically unavoidable for the timely transition towards a fossil fuel free operation 138 including activities and assets under the eu emission trading system ets achieving projected greenhouse gas emissions that are not lower than the relevant benchmarks where the activity supported achieves projected greenhouse gas emissions that are not significantly lower than the relevant benchmarks an explanation of the reasons why this is not possible shall be provided benchmarks established for free allocation for activities falling within the scope of the emissions trading system as set out in the commission implementing regulation eu 2021 447 the implementation of the measure shall be completed by 31 august 2026 139 this exclusion does not apply to actions under this measure in plants exclusively dedicated to treating nonrecyclable hazardous waste and to existing plants where the actions under this measure are
v2-2024a,ST_9303_2024_ADD_1,C2.summary,description,1.0000,31,yes,
v3-2024b,ST_17099_2024_ADD_1,C2.R3 22,name,1.0000,21,yes,
v3-2024b,ST_17099_2024_ADD_1,C2.R3 22,description,1.0000,95,yes,
v3-2024b,ST_17099_2024_ADD_1,C2.I2 30,name,1.0000,31,yes,
v3-2024b,ST_17099_2024_ADD_1,C2.I2 30,description,1.0000,129,yes,
v3-2024b,ST_17099_2024_ADD_1,C2.I2 31,name,1.0000,15,yes,
v3-2024b,ST_17099_2024_ADD_1,C2.I2 31,goal,1.0000,2,yes,
v3-2024b,ST_17099_2024_ADD_1,C2.I2 31,description,1.0000,121,yes,
v3-2024b,ST_17099_2024_ADD_1,C2.R7 L2,name,1.0000,17,yes,
v3-2024b,ST_17099_2024_ADD_1,C2.R7 L2,description,1.0000,56,yes,
v3-2024b,ST_17099_2024_ADD_1,C2.R7 L3,name,1.0000,13,yes,
v3-2024b,ST_17099_2024_ADD_1,C2.R7 L3,description,1.0000,60,yes,
v3-2024b,ST_17099_2024_ADD_1,C2.I7 L4,name,1.0000,2,yes,
v3-2024b,ST_17099_2024_ADD_1,C2.I7 L4,description,1.0000,7,yes,
v3-2024b,ST_17099_2024_ADD_1,C2.I7 L5,name,1.0000,16,yes,
v3-2024b,ST_17099_2024_ADD_1,C2.I7 L5,goal,1.0000,1,yes,
v3-2024b,ST_17099_2024_ADD_1,C2.I7 L5,description,1.0000,63,yes,
v3-2024b,ST_17099_2024_ADD_1,C2.I7 L6,name,1.0000,16,yes,
v3-2024b,ST_17099_2024_ADD_1,C2.I7 L6,goal,1.0000,1,yes,
v3-2024b,ST_17099_2024_ADD_1,C2.I7 L6,description,1.0000,56,yes,
v3-2024b,ST_17099_2024_ADD_1,C2.I7 L7,name,1.0000,14,yes,
v3-2024b,ST_17099_2024_ADD_1,C2.I7 L7,description,1.0000,12,yes,
v3-2024b,ST_17099_2024_ADD_1,C13.I13 L51,name,1.0000,18,yes,
v3-2024b,ST_17099_2024_ADD_1,C13.I13 L51,description,1.0000,22,yes,
v3-2024b,ST_17099_2024_ADD_1,C13.I13 L52,name,1.0000,23,yes,
v3-2024b,ST_17099_2024_ADD_1,C13.I13 L52,goal,1.0000,1,yes,
v3-2024b,ST_17099_2024_ADD_1,C13.I13 L52,description,1.0000,27,yes,
v3-2024b,ST_17099_2024_ADD_1,C13.I13 L53,name,1.0000,5,yes,
v3-2024b,ST_17099_2024_ADD_1,C13.I13 L53,description,1.0000,15,yes,
v3-2024b,ST_17099_2024_ADD_1,C13.I13 L54,name,1.0000,15,yes,
v3-2024b,ST_17099_2024_ADD_1,C13.I13 L54,goal,1.0000,1,yes,
v3-2024b,ST_17099_2024_ADD_1,C13.I13 L54,description,1.0000,149,yes,
v3-2024b,ST_17099_2024_ADD_1,C13.I13 L55,name,1.0000,15,yes,
v3-2024b,ST_17099_2024_ADD_1,C13.I13 L55,goal,1.0000,1,yes,
v3-2024b,ST_17099_2024_ADD_1,C13.I13 L55,description,1.0000,149,yes,
v3-2024b,ST_17099_2024_ADD_1,C13.I13 L56,name,1.0000,15,yes,
v3-2024b,ST_17099_2024_ADD_1,C13.I13 L56,goal,1.0000,1,yes,
v3-2024b,ST_17099_2024_ADD_1,C13.I13 L56,description,1.0000,149,yes,
v3-2024b,ST_17099_2024_ADD_1,C13.I13 L57,name,1.0000,15,yes,
v3-2024b,ST_17099_2024_ADD_1,C13.I13 L57,goal,1.0000,1,yes,
v3-2024b,ST_17099_2024_ADD_1,C13.I13 L57,description,1.0000,147,yes,
v3-2024b,ST_17099_2024_ADD_1,C13.I13 L58,name,1.0000,13,yes,
v3-2024b,ST_17099_2024_ADD_1,C13.I13 L58,goal,1.0000,1,yes,
v3-2024b,ST_17099_2024_ADD_1,C13.I13 L58,description,1.0000,62,yes,
v3-2024b,ST_17099_2024_ADD_1,C13.I13 L59,name,1.0000,13,yes,
v3-2024b,ST_17099_2024_ADD_1,C13.I13 L59,goal,1.0000,1,yes,
v3-2024b,ST_17099_2024_ADD_1,C13.I13 L59,description,1.0000,60,yes,
v3-2024b,ST_17099_2024_ADD_1,C13.I13 L60,name,1.0000,5,yes,
v3-2024b,ST_17099_2024_ADD_1,C13.I13 L60,description,1.0000,28,yes,
v3-2024b,ST_17099_2024_ADD_1,C13.I13 L61,name,1.0000,12,yes,
v3-2024b,ST_17099_2024_ADD_1,C13.I13 L61,description,1.0000,23,yes,
v3-2024b,ST_17099_2024_ADD_1,C13.I13 L62,name,1.0000,15,yes,
v3-2024b,ST_17099_2024_ADD_1,C13.I13 L62,description,1.0000,15,yes,
v3-2024b,ST_17099_2024_ADD_1,C2.I2,description,1.0000,159,yes,
v3-2024b,ST_17099_2024_ADD_1,C2.I7,description,1.0000,1007,yes,
v3-2024b,ST_17099_2024_ADD_1,C2.R3,description,1.0000,218,yes,
v3-2024b,ST_17099_2024_ADD_1,C2.R7,description,1.0000,164,yes,
v3-2024b,ST_17099_2024_ADD_1,C13.I13,description,0.9930,1286,no,replace: «odirect» → «o direct» | replace: «ointermediated» → «o intermediated» | insert: «» → «2» | delete: «2» → «» | replace: «eu» → «eu143» | insert: «» → «139 except for a assets and activities in power and or heat generation as well as related transmission and distribution infrastructure using natural gas that are compliant with the conditions set out in annex iii of the do no significant harm technical guidance 2021 c58 01 and b activities and assets under point ii for which the use of fossil fuels is temporary and technically unavoidable for the timely transition towards a fossil fuel free operation 140 including activities and assets under the eu emission trading system ets achieving projected greenhouse gas emissions that are not lower than the relevant benchmarks where the activity supported achieves projected greenhouse gas emissions that are not significantly lower than the relevant benchmarks an explanation of the reasons why this is not possible shall be provided benchmarks established for free allocation for activities falling within the scope of the emissions trading system as set out in the commission implementing regulation eu 2021 447 the implementation of the measure shall be completed by 31 august 2026 141 this exclusion does not apply to actions under this measure in plants exclusively dedicated to treating nonrecyclable hazardous waste and to existing plants where the actions under this measure are for the purpose of increasing energy efficiency captur
v3-2024b,ST_17099_2024_ADD_1,C2.summary,description,1.0000,31,yes,
v4-2025a,ST_8053_2025_ADD_1,C2.R3 22,name,1.0000,21,yes,
v4-2025a,ST_8053_2025_ADD_1,C2.R3 22,description,1.0000,95,yes,
v4-2025a,ST_8053_2025_ADD_1,C2.I2 30,name,1.0000,31,yes,
v4-2025a,ST_8053_2025_ADD_1,C2.I2 30,description,1.0000,129,yes,
v4-2025a,ST_8053_2025_ADD_1,C2.I2 31,name,1.0000,15,yes,
v4-2025a,ST_8053_2025_ADD_1,C2.I2 31,goal,1.0000,2,yes,
v4-2025a,ST_8053_2025_ADD_1,C2.I2 31,description,1.0000,121,yes,
v4-2025a,ST_8053_2025_ADD_1,C2.R7 L2,name,1.0000,17,yes,
v4-2025a,ST_8053_2025_ADD_1,C2.R7 L2,description,1.0000,56,yes,
v4-2025a,ST_8053_2025_ADD_1,C2.R7 L3,name,1.0000,13,yes,
v4-2025a,ST_8053_2025_ADD_1,C2.R7 L3,description,1.0000,60,yes,
v4-2025a,ST_8053_2025_ADD_1,C2.I7 L4,name,1.0000,2,yes,
v4-2025a,ST_8053_2025_ADD_1,C2.I7 L4,description,1.0000,7,yes,
v4-2025a,ST_8053_2025_ADD_1,C2.I7 L5,name,1.0000,16,yes,
v4-2025a,ST_8053_2025_ADD_1,C2.I7 L5,goal,1.0000,1,yes,
v4-2025a,ST_8053_2025_ADD_1,C2.I7 L5,description,1.0000,63,yes,
v4-2025a,ST_8053_2025_ADD_1,C2.I7 L6,name,1.0000,16,yes,
v4-2025a,ST_8053_2025_ADD_1,C2.I7 L6,goal,1.0000,1,yes,
v4-2025a,ST_8053_2025_ADD_1,C2.I7 L6,description,1.0000,56,yes,
v4-2025a,ST_8053_2025_ADD_1,C2.I7 L7,name,1.0000,14,yes,
v4-2025a,ST_8053_2025_ADD_1,C2.I7 L7,description,1.0000,12,yes,
v4-2025a,ST_8053_2025_ADD_1,C13.I13 L51,name,1.0000,18,yes,
v4-2025a,ST_8053_2025_ADD_1,C13.I13 L51,description,1.0000,22,yes,
v4-2025a,ST_8053_2025_ADD_1,C13.I13 L52,name,1.0000,23,yes,
v4-2025a,ST_8053_2025_ADD_1,C13.I13 L52,goal,1.0000,1,yes,
v4-2025a,ST_8053_2025_ADD_1,C13.I13 L52,description,1.0000,27,yes,
v4-2025a,ST_8053_2025_ADD_1,C13.I13 L53,name,1.0000,5,yes,
v4-2025a,ST_8053_2025_ADD_1,C13.I13 L53,description,1.0000,15,yes,
v4-2025a,ST_8053_2025_ADD_1,C13.I13 L54,name,1.0000,15,yes,
v4-2025a,ST_8053_2025_ADD_1,C13.I13 L54,goal,1.0000,1,yes,
v4-2025a,ST_8053_2025_ADD_1,C13.I13 L54,description,1.0000,149,yes,
v4-2025a,ST_8053_2025_ADD_1,C13.I13 L55,name,1.0000,15,yes,
v4-2025a,ST_8053_2025_ADD_1,C13.I13 L55,goal,1.0000,1,yes,
v4-2025a,ST_8053_2025_ADD_1,C13.I13 L55,description,1.0000,149,yes,
v4-2025a,ST_8053_2025_ADD_1,C13.I13 L56,name,1.0000,15,yes,
v4-2025a,ST_8053_2025_ADD_1,C13.I13 L56,goal,1.0000,1,yes,
v4-2025a,ST_8053_2025_ADD_1,C13.I13 L56,description,1.0000,149,yes,
v4-2025a,ST_8053_2025_ADD_1,C13.I13 L57,name,1.0000,15,yes,
v4-2025a,ST_8053_2025_ADD_1,C13.I13 L57,goal,1.0000,1,yes,
v4-2025a,ST_8053_2025_ADD_1,C13.I13 L57,description,1.0000,147,yes,
v4-2025a,ST_8053_2025_ADD_1,C13.I13 L58,name,1.0000,13,yes,
v4-2025a,ST_8053_2025_ADD_1,C13.I13 L58,goal,1.0000,1,yes,
v4-2025a,ST_8053_2025_ADD_1,C13.I13 L58,description,1.0000,62,yes,
v4-2025a,ST_8053_2025_ADD_1,C13.I13 L59,name,1.0000,13,yes,
v4-2025a,ST_8053_2025_ADD_1,C13.I13 L59,goal,1.0000,1,yes,
v4-2025a,ST_8053_2025_ADD_1,C13.I13 L59,description,1.0000,60,yes,
v4-2025a,ST_8053_2025_ADD_1,C13.I13 L60,name,1.0000,5,yes,
v4-2025a,ST_8053_2025_ADD_1,C13.I13 L60,description,1.0000,28,yes,
v4-2025a,ST_8053_2025_ADD_1,C13.I13 L61,name,1.0000,12,yes,
v4-2025a,ST_8053_2025_ADD_1,C13.I13 L61,description,1.0000,23,yes,
v4-2025a,ST_8053_2025_ADD_1,C13.I13 L62,name,1.0000,15,yes,
v4-2025a,ST_8053_2025_ADD_1,C13.I13 L62,description,1.0000,15,yes,
v4-2025a,ST_8053_2025_ADD_1,C2.I2,description,1.0000,159,yes,
v4-2025a,ST_8053_2025_ADD_1,C2.I7,description,1.0000,1007,yes,
v4-2025a,ST_8053_2025_ADD_1,C2.R3,description,1.0000,218,yes,
v4-2025a,ST_8053_2025_ADD_1,C2.R7,description,1.0000,164,yes,
v4-2025a,ST_8053_2025_ADD_1,C13.I13,description,0.9930,1286,no,replace: «odirect» → «o direct» | replace: «ointermediated» → «o intermediated» | insert: «» → «2» | delete: «2» → «» | replace: «eu» → «eu143» | insert: «» → «139 except for a assets and activities in power and or heat generation as well as related transmission and distribution infrastructure using natural gas that are compliant with the conditions set out in annex iii of the do no significant harm technical guidance 2021 c58 01 and b activities and assets under point ii for which the use of fossil fuels is temporary and technically unavoidable for the timely transition towards a fossil fuel free operation 140 including activities and assets under the eu emission trading system ets achieving projected greenhouse gas emissions that are not lower than the relevant benchmarks where the activity supported achieves projected greenhouse gas emissions that are not significantly lower than the relevant benchmarks an explanation of the reasons why this is not possible shall be provided benchmarks established for free allocation for activities falling within the scope of the emissions trading system as set out in the commission implementing regulation eu 2021 447 the implementation of the measure shall be completed by 31 august 2026 141 this exclusion does not apply to actions under this measure in plants exclusively dedicated to treating nonrecyclable hazardous waste and to existing plants where the actions under this measure are for the purpose of increasing energy efficiency captur
v4-2025a,ST_8053_2025_ADD_1,C2.summary,description,1.0000,31,yes,
v5-2025b,ST_9583_2025_ADD_1,C2.R3 22,name,1.0000,21,yes,
v5-2025b,ST_9583_2025_ADD_1,C2.R3 22,description,1.0000,95,yes,
v5-2025b,ST_9583_2025_ADD_1,C2.I2 30,name,1.0000,31,yes,
v5-2025b,ST_9583_2025_ADD_1,C2.I2 30,description,1.0000,129,yes,
v5-2025b,ST_9583_2025_ADD_1,C2.I2 31,name,1.0000,15,yes,
v5-2025b,ST_9583_2025_ADD_1,C2.I2 31,goal,1.0000,2,yes,
v5-2025b,ST_9583_2025_ADD_1,C2.I2 31,description,1.0000,121,yes,
v5-2025b,ST_9583_2025_ADD_1,C2.R7 L2,name,1.0000,17,yes,
v5-2025b,ST_9583_2025_ADD_1,C2.R7 L2,description,1.0000,56,yes,
v5-2025b,ST_9583_2025_ADD_1,C2.R7 L3,name,1.0000,13,yes,
v5-2025b,ST_9583_2025_ADD_1,C2.R7 L3,description,1.0000,60,yes,
v5-2025b,ST_9583_2025_ADD_1,C2.I7 L4,name,1.0000,2,yes,
v5-2025b,ST_9583_2025_ADD_1,C2.I7 L4,description,1.0000,7,yes,
v5-2025b,ST_9583_2025_ADD_1,C2.I7 L5,name,1.0000,16,yes,
v5-2025b,ST_9583_2025_ADD_1,C2.I7 L5,goal,1.0000,1,yes,
v5-2025b,ST_9583_2025_ADD_1,C2.I7 L5,description,1.0000,63,yes,
v5-2025b,ST_9583_2025_ADD_1,C2.I7 L6,name,1.0000,16,yes,
v5-2025b,ST_9583_2025_ADD_1,C2.I7 L6,goal,1.0000,1,yes,
v5-2025b,ST_9583_2025_ADD_1,C2.I7 L6,description,1.0000,56,yes,
v5-2025b,ST_9583_2025_ADD_1,C2.I7 L7,name,1.0000,14,yes,
v5-2025b,ST_9583_2025_ADD_1,C2.I7 L7,description,1.0000,12,yes,
v5-2025b,ST_9583_2025_ADD_1,C13.I13 L51,name,1.0000,18,yes,
v5-2025b,ST_9583_2025_ADD_1,C13.I13 L51,description,1.0000,22,yes,
v5-2025b,ST_9583_2025_ADD_1,C13.I13 L52,name,1.0000,23,yes,
v5-2025b,ST_9583_2025_ADD_1,C13.I13 L52,goal,1.0000,1,yes,
v5-2025b,ST_9583_2025_ADD_1,C13.I13 L52,description,1.0000,27,yes,
v5-2025b,ST_9583_2025_ADD_1,C13.I13 L53,name,1.0000,5,yes,
v5-2025b,ST_9583_2025_ADD_1,C13.I13 L53,description,1.0000,15,yes,
v5-2025b,ST_9583_2025_ADD_1,C13.I13 L54,name,1.0000,15,yes,
v5-2025b,ST_9583_2025_ADD_1,C13.I13 L54,goal,1.0000,1,yes,
v5-2025b,ST_9583_2025_ADD_1,C13.I13 L54,description,1.0000,149,yes,
v5-2025b,ST_9583_2025_ADD_1,C13.I13 L55,name,1.0000,15,yes,
v5-2025b,ST_9583_2025_ADD_1,C13.I13 L55,goal,1.0000,1,yes,
v5-2025b,ST_9583_2025_ADD_1,C13.I13 L55,description,1.0000,149,yes,
v5-2025b,ST_9583_2025_ADD_1,C13.I13 L56,name,1.0000,15,yes,
v5-2025b,ST_9583_2025_ADD_1,C13.I13 L56,goal,1.0000,1,yes,
v5-2025b,ST_9583_2025_ADD_1,C13.I13 L56,description,1.0000,149,yes,
v5-2025b,ST_9583_2025_ADD_1,C13.I13 L57,name,1.0000,15,yes,
v5-2025b,ST_9583_2025_ADD_1,C13.I13 L57,goal,1.0000,1,yes,
v5-2025b,ST_9583_2025_ADD_1,C13.I13 L57,description,1.0000,147,yes,
v5-2025b,ST_9583_2025_ADD_1,C13.I13 L58,name,1.0000,13,yes,
v5-2025b,ST_9583_2025_ADD_1,C13.I13 L58,goal,1.0000,1,yes,
v5-2025b,ST_9583_2025_ADD_1,C13.I13 L58,description,1.0000,62,yes,
v5-2025b,ST_9583_2025_ADD_1,C13.I13 L59,name,1.0000,13,yes,
v5-2025b,ST_9583_2025_ADD_1,C13.I13 L59,goal,1.0000,1,yes,
v5-2025b,ST_9583_2025_ADD_1,C13.I13 L59,description,1.0000,60,yes,
v5-2025b,ST_9583_2025_ADD_1,C13.I13 L60,name,1.0000,5,yes,
v5-2025b,ST_9583_2025_ADD_1,C13.I13 L60,description,1.0000,28,yes,
v5-2025b,ST_9583_2025_ADD_1,C13.I13 L61,name,1.0000,12,yes,
v5-2025b,ST_9583_2025_ADD_1,C13.I13 L61,description,1.0000,23,yes,
v5-2025b,ST_9583_2025_ADD_1,C13.I13 L62,name,1.0000,15,yes,
v5-2025b,ST_9583_2025_ADD_1,C13.I13 L62,description,1.0000,15,yes,
v5-2025b,ST_9583_2025_ADD_1,C2.I2,description,1.0000,159,yes,
v5-2025b,ST_9583_2025_ADD_1,C2.I7,description,1.0000,1007,yes,
v5-2025b,ST_9583_2025_ADD_1,C2.R3,description,1.0000,218,yes,
v5-2025b,ST_9583_2025_ADD_1,C2.R7,description,1.0000,164,yes,
v5-2025b,ST_9583_2025_ADD_1,C13.I13,description,0.9930,1286,no,replace: «odirect» → «o direct» | replace: «ointermediated» → «o intermediated» | insert: «» → «2» | delete: «2» → «» | replace: «eu» → «eu143» | insert: «» → «139 except for a assets and activities in power and or heat generation as well as related transmission and distribution infrastructure using natural gas that are compliant with the conditions set out in annex iii of the do no significant harm technical guidance 2021 c58 01 and b activities and assets under point ii for which the use of fossil fuels is temporary and technically unavoidable for the timely transition towards a fossil fuel free operation 140 including activities and assets under the eu emission trading system ets achieving projected greenhouse gas emissions that are not lower than the relevant benchmarks where the activity supported achieves projected greenhouse gas emissions that are not significantly lower than the relevant benchmarks an explanation of the reasons why this is not possible shall be provided benchmarks established for free allocation for activities falling within the scope of the emissions trading system as set out in the commission implementing regulation eu 2021 447 the implementation of the measure shall be completed by 31 august 2026 141 this exclusion does not apply to actions under this measure in plants exclusively dedicated to treating nonrecyclable hazardous waste and to existing plants where the actions under this measure are for the purpose of increasing energy efficiency captur
v5-2025b,ST_9583_2025_ADD_1,C2.summary,description,1.0000,31,yes,
v6-2025c,ST_13075_2025_ADD_1,C2.R3 22,name,1.0000,21,yes,
v6-2025c,ST_13075_2025_ADD_1,C2.R3 22,description,1.0000,95,yes,
v6-2025c,ST_13075_2025_ADD_1,C2.I2 30,name,1.0000,31,yes,
v6-2025c,ST_13075_2025_ADD_1,C2.I2 30,description,1.0000,129,yes,
v6-2025c,ST_13075_2025_ADD_1,C2.I2 31,name,1.0000,15,yes,
v6-2025c,ST_13075_2025_ADD_1,C2.I2 31,goal,1.0000,2,yes,
v6-2025c,ST_13075_2025_ADD_1,C2.I2 31,description,1.0000,121,yes,
v6-2025c,ST_13075_2025_ADD_1,C2.R7 L2,name,1.0000,17,yes,
v6-2025c,ST_13075_2025_ADD_1,C2.R7 L2,description,1.0000,56,yes,
v6-2025c,ST_13075_2025_ADD_1,C2.R7 L3,name,1.0000,13,yes,
v6-2025c,ST_13075_2025_ADD_1,C2.R7 L3,description,1.0000,60,yes,
v6-2025c,ST_13075_2025_ADD_1,C2.I7 L4,name,1.0000,2,yes,
v6-2025c,ST_13075_2025_ADD_1,C2.I7 L4,description,1.0000,7,yes,
v6-2025c,ST_13075_2025_ADD_1,C2.I7 L5,name,1.0000,16,yes,
v6-2025c,ST_13075_2025_ADD_1,C2.I7 L5,goal,1.0000,1,yes,
v6-2025c,ST_13075_2025_ADD_1,C2.I7 L5,description,1.0000,63,yes,
v6-2025c,ST_13075_2025_ADD_1,C2.I7 L6,name,1.0000,16,yes,
v6-2025c,ST_13075_2025_ADD_1,C2.I7 L6,goal,1.0000,1,yes,
v6-2025c,ST_13075_2025_ADD_1,C2.I7 L6,description,1.0000,56,yes,
v6-2025c,ST_13075_2025_ADD_1,C2.I7 L7,name,1.0000,14,yes,
v6-2025c,ST_13075_2025_ADD_1,C2.I7 L7,description,1.0000,12,yes,
v6-2025c,ST_13075_2025_ADD_1,C13.I13 L51,name,1.0000,18,yes,
v6-2025c,ST_13075_2025_ADD_1,C13.I13 L51,description,1.0000,22,yes,
v6-2025c,ST_13075_2025_ADD_1,C13.I13 L52,name,1.0000,23,yes,
v6-2025c,ST_13075_2025_ADD_1,C13.I13 L52,goal,1.0000,1,yes,
v6-2025c,ST_13075_2025_ADD_1,C13.I13 L52,description,1.0000,27,yes,
v6-2025c,ST_13075_2025_ADD_1,C13.I13 L53,name,1.0000,5,yes,
v6-2025c,ST_13075_2025_ADD_1,C13.I13 L53,description,1.0000,15,yes,
v6-2025c,ST_13075_2025_ADD_1,C13.I13 L54,name,1.0000,15,yes,
v6-2025c,ST_13075_2025_ADD_1,C13.I13 L54,goal,1.0000,1,yes,
v6-2025c,ST_13075_2025_ADD_1,C13.I13 L54,description,1.0000,149,yes,
v6-2025c,ST_13075_2025_ADD_1,C13.I13 L55,name,1.0000,15,yes,
v6-2025c,ST_13075_2025_ADD_1,C13.I13 L55,goal,1.0000,1,yes,
v6-2025c,ST_13075_2025_ADD_1,C13.I13 L55,description,1.0000,149,yes,
v6-2025c,ST_13075_2025_ADD_1,C13.I13 L56,name,1.0000,15,yes,
v6-2025c,ST_13075_2025_ADD_1,C13.I13 L56,goal,1.0000,1,yes,
v6-2025c,ST_13075_2025_ADD_1,C13.I13 L56,description,1.0000,149,yes,
v6-2025c,ST_13075_2025_ADD_1,C13.I13 L57,name,1.0000,15,yes,
v6-2025c,ST_13075_2025_ADD_1,C13.I13 L57,goal,1.0000,1,yes,
v6-2025c,ST_13075_2025_ADD_1,C13.I13 L57,description,1.0000,147,yes,
v6-2025c,ST_13075_2025_ADD_1,C13.I13 L58,name,1.0000,13,yes,
v6-2025c,ST_13075_2025_ADD_1,C13.I13 L58,goal,1.0000,1,yes,
v6-2025c,ST_13075_2025_ADD_1,C13.I13 L58,description,1.0000,62,yes,
v6-2025c,ST_13075_2025_ADD_1,C13.I13 L59,name,1.0000,13,yes,
v6-2025c,ST_13075_2025_ADD_1,C13.I13 L59,goal,1.0000,1,yes,
v6-2025c,ST_13075_2025_ADD_1,C13.I13 L59,description,1.0000,60,yes,
v6-2025c,ST_13075_2025_ADD_1,C13.I13 L60,name,1.0000,5,yes,
v6-2025c,ST_13075_2025_ADD_1,C13.I13 L60,description,1.0000,28,yes,
v6-2025c,ST_13075_2025_ADD_1,C13.I13 L61,name,1.0000,12,yes,
v6-2025c,ST_13075_2025_ADD_1,C13.I13 L61,description,1.0000,23,yes,
v6-2025c,ST_13075_2025_ADD_1,C13.I13 L62,name,1.0000,15,yes,
v6-2025c,ST_13075_2025_ADD_1,C13.I13 L62,description,1.0000,15,yes,
v6-2025c,ST_13075_2025_ADD_1,C2.I2,description,1.0000,159,yes,
v6-2025c,ST_13075_2025_ADD_1,C2.I7,description,1.0000,1007,yes,
v6-2025c,ST_13075_2025_ADD_1,C2.R3,description,1.0000,218,yes,
v6-2025c,ST_13075_2025_ADD_1,C2.R7,description,1.0000,164,yes,
v6-2025c,ST_13075_2025_ADD_1,C13.I13,description,0.9938,1286,no,replace: «odirect» → «o direct» | replace: «ointermediated» → «o intermediated» | insert: «» → «2» | delete: «2» → «» | replace: «eu» → «eu143» | insert: «» → «139 except for a assets and activities in power and or heat generation as well as related transmission and distribution infrastructure using natural gas that are compliant with the conditions set out in annex iii of the do no significant harm technical guidance 2021 c58 01 and b activities and assets under point ii for which the use of fossil fuels is temporary and technically unavoidable for the timely transition towards a fossil fuel free operation 140 including activities and assets under the eu emission trading system ets achieving projected greenhouse gas emissions that are not lower than the relevant benchmarks where the activity supported achieves projected greenhouse gas emissions that are not significantly lower than the relevant benchmarks an explanation of the reasons why this is not possible shall be provided benchmarks established for free allocation for activities falling within the scope of the emissions trading system as set out in the commission implementing regulation eu 2021 447 the implementation of the measure shall be completed by 31 august 2026 141 this exclusion does not apply to actions under this measure in plants exclusively dedicated to treating nonrecyclable hazardous waste and to existing plants where the actions under this measure are for the purpose of increasing energy efficiency captur
v6-2025c,ST_13075_2025_ADD_1,C2.summary,description,1.0000,31,yes,
v7-2025d,,*,,,,,no Council text of this version in Cellar
v8-2026a,ST_9518_2026_ADD_1,C2.R3 22,name,1.0000,21,yes,
v8-2026a,ST_9518_2026_ADD_1,C2.R3 22,description,1.0000,95,yes,
v8-2026a,ST_9518_2026_ADD_1,C2.I2 30,name,1.0000,31,yes,
v8-2026a,ST_9518_2026_ADD_1,C2.I2 30,description,1.0000,129,yes,
v8-2026a,ST_9518_2026_ADD_1,C2.I2 31,name,1.0000,3,yes,
v8-2026a,ST_9518_2026_ADD_1,C2.I2 31,goal,1.0000,2,yes,
v8-2026a,ST_9518_2026_ADD_1,C2.I2 31,description,1.0000,39,yes,
v8-2026a,ST_9518_2026_ADD_1,C2.R7 L2a,name,1.0000,20,yes,
v8-2026a,ST_9518_2026_ADD_1,C2.R7 L2a,description,1.0000,21,yes,
v8-2026a,ST_9518_2026_ADD_1,C2.R7 L3,name,1.0000,35,yes,
v8-2026a,ST_9518_2026_ADD_1,C2.R7 L3,description,1.0000,35,yes,
v8-2026a,ST_9518_2026_ADD_1,C2.I7 L4,name,1.0000,2,yes,
v8-2026a,ST_9518_2026_ADD_1,C2.I7 L4,description,1.0000,7,yes,
v8-2026a,ST_9518_2026_ADD_1,C2.I7 L6,name,1.0000,20,yes,
v8-2026a,ST_9518_2026_ADD_1,C2.I7 L6,description,1.0000,67,yes,
v8-2026a,ST_9518_2026_ADD_1,C13.I13 L51,name,1.0000,18,yes,
v8-2026a,ST_9518_2026_ADD_1,C13.I13 L51,description,1.0000,22,yes,
v8-2026a,ST_9518_2026_ADD_1,C13.I13 L52,name,1.0000,23,yes,
v8-2026a,ST_9518_2026_ADD_1,C13.I13 L52,goal,1.0000,1,yes,
v8-2026a,ST_9518_2026_ADD_1,C13.I13 L52,description,1.0000,27,yes,
v8-2026a,ST_9518_2026_ADD_1,C13.I13 L53,name,1.0000,5,yes,
v8-2026a,ST_9518_2026_ADD_1,C13.I13 L53,description,1.0000,15,yes,
v8-2026a,ST_9518_2026_ADD_1,C13.I13 L57,name,1.0000,14,yes,
v8-2026a,ST_9518_2026_ADD_1,C13.I13 L57,goal,1.0000,1,yes,
v8-2026a,ST_9518_2026_ADD_1,C13.I13 L57,description,1.0000,80,yes,
v8-2026a,ST_9518_2026_ADD_1,C13.I13 L59,name,1.0000,19,yes,
v8-2026a,ST_9518_2026_ADD_1,C13.I13 L59,description,1.0000,89,yes,
v8-2026a,ST_9518_2026_ADD_1,C13.I13 L60,name,1.0000,5,yes,
v8-2026a,ST_9518_2026_ADD_1,C13.I13 L60,description,1.0000,30,yes,
v8-2026a,ST_9518_2026_ADD_1,C13.I13 L62,name,1.0000,15,yes,
v8-2026a,ST_9518_2026_ADD_1,C13.I13 L62,description,1.0000,15,yes,
v8-2026a,ST_9518_2026_ADD_1,C2.I2,description,1.0000,86,yes,
v8-2026a,ST_9518_2026_ADD_1,C2.I7,description,1.0000,993,yes,
v8-2026a,ST_9518_2026_ADD_1,C2.R3,description,1.0000,218,yes,
v8-2026a,ST_9518_2026_ADD_1,C2.R7,description,1.0000,77,yes,
v8-2026a,ST_9518_2026_ADD_1,C13.I13,description,0.9929,1272,no,replace: «odirect» → «o direct» | replace: «ointermediated» → «o intermediated» | insert: «» → «2» | delete: «2» → «» | insert: «» → «9518 26 add 1 annex 156 ecofin 1 a en» | insert: «» → «d» | delete: «d» → «» | replace: «eu» → «eu97» | insert: «» → «93 except for a assets and activities in power and or heat generation as well as related transmission and distribution infrastructure using natural gas that are compliant with the conditions set out in annex iii of the do no significant harm technical guidance 2021 c58 01 and b activities and assets under point ii for which the use of fossil fuels is temporary and technically unavoidable for the timely transition towards a fossil fuel free operation 94 including activities and assets under the eu emission trading system ets achieving projected greenhouse gas emissions that are not lower than the relevant benchmarks where the activity supported achieves projected greenhouse gas emissions that are not significantly lower than the relevant benchmarks an explanation of the reasons why this is not possible shall be provided benchmarks established for free allocation for activities falling within the scope of the emissions trading system as set out in the commission implementing regulation eu 2021 447 95 this exclusion does not apply to actions under this measure in plants exclusively dedicated to treating nonrecyclable hazardous waste and to existing plants where the actions under this measure are for the purpose of increasing energy
v8-2026a,ST_9518_2026_ADD_1,C2.summary,description,1.0000,31,yes,
v9-2026b,ST_12355_2026_ADD_1,C2.R3 22,name,1.0000,21,yes,
v9-2026b,ST_12355_2026_ADD_1,C2.R3 22,description,1.0000,95,yes,
v9-2026b,ST_12355_2026_ADD_1,C2.I2 30,name,1.0000,31,yes,
v9-2026b,ST_12355_2026_ADD_1,C2.I2 30,description,1.0000,129,yes,
v9-2026b,ST_12355_2026_ADD_1,C2.I2 31,name,1.0000,5,yes,
v9-2026b,ST_12355_2026_ADD_1,C2.I2 31,goal,1.0000,2,yes,
v9-2026b,ST_12355_2026_ADD_1,C2.I2 31,description,1.0000,21,yes,
v9-2026b,ST_12355_2026_ADD_1,C2.R7 L2a,name,1.0000,20,yes,
v9-2026b,ST_12355_2026_ADD_1,C2.R7 L2a,description,1.0000,21,yes,
v9-2026b,ST_12355_2026_ADD_1,C2.R7 L3,name,1.0000,35,yes,
v9-2026b,ST_12355_2026_ADD_1,C2.R7 L3,description,1.0000,35,yes,
v9-2026b,ST_12355_2026_ADD_1,C2.I7 L4,name,1.0000,2,yes,
v9-2026b,ST_12355_2026_ADD_1,C2.I7 L4,description,1.0000,7,yes,
v9-2026b,ST_12355_2026_ADD_1,C2.I7 L6,name,1.0000,20,yes,
v9-2026b,ST_12355_2026_ADD_1,C2.I7 L6,description,1.0000,46,yes,
v9-2026b,ST_12355_2026_ADD_1,C13.I13 L51,name,1.0000,18,yes,
v9-2026b,ST_12355_2026_ADD_1,C13.I13 L51,description,1.0000,22,yes,
v9-2026b,ST_12355_2026_ADD_1,C13.I13 L52,name,1.0000,23,yes,
v9-2026b,ST_12355_2026_ADD_1,C13.I13 L52,goal,1.0000,1,yes,
v9-2026b,ST_12355_2026_ADD_1,C13.I13 L52,description,1.0000,27,yes,
v9-2026b,ST_12355_2026_ADD_1,C13.I13 L53,name,1.0000,5,yes,
v9-2026b,ST_12355_2026_ADD_1,C13.I13 L53,description,1.0000,15,yes,
v9-2026b,ST_12355_2026_ADD_1,C13.I13 L57,name,1.0000,17,yes,
v9-2026b,ST_12355_2026_ADD_1,C13.I13 L57,goal,1.0000,1,yes,
v9-2026b,ST_12355_2026_ADD_1,C13.I13 L57,description,1.0000,113,yes,
v9-2026b,ST_12355_2026_ADD_1,C13.I13 L59,name,1.0000,35,yes,
v9-2026b,ST_12355_2026_ADD_1,C13.I13 L59,description,1.0000,112,yes,
v9-2026b,ST_12355_2026_ADD_1,C13.I13 L60,name,1.0000,5,yes,
v9-2026b,ST_12355_2026_ADD_1,C13.I13 L60,description,1.0000,30,yes,
v9-2026b,ST_12355_2026_ADD_1,C13.I13 L62,name,1.0000,15,yes,
v9-2026b,ST_12355_2026_ADD_1,C13.I13 L62,description,1.0000,15,yes,
v9-2026b,ST_12355_2026_ADD_1,C2.I2,description,1.0000,72,yes,
v9-2026b,ST_12355_2026_ADD_1,C2.I7,description,1.0000,881,yes,
v9-2026b,ST_12355_2026_ADD_1,C2.R3,description,1.0000,218,yes,
v9-2026b,ST_12355_2026_ADD_1,C2.R7,description,1.0000,77,yes,
v9-2026b,ST_12355_2026_ADD_1,C13.I13,description,0.9929,1272,no,replace: «odirect» → «o direct» | replace: «ointermediated» → «o intermediated» | insert: «» → «2» | delete: «2» → «» | insert: «» → «12355 26 add 1 annex 169 ecofin 1a en» | insert: «» → «90 except for a assets and activities in power and or heat generation as well as related transmission and distribution infrastructure using natural gas that are compliant with the conditions set out in annex iii of the do no significant harm technical guidance 2021 c58 01 and b activities and assets under point» | insert: «» → «for which the use of fossil fuels is temporary and technically unavoidable for the timely transition towards a fossil fuel free operation 91 including activities and assets under the eu emission trading system ets achieving projected greenhouse gas emissions that are not lower than the relevant benchmarks where the activity supported achieves projected greenhouse gas emissions that are not significantly lower than the relevant benchmarks an explanation of the reasons why this is not possible shall be provided benchmarks established for free allocation for activities falling within the scope of the emissions trading system as set out in the commission implementing regulation eu 2021 447 92 this exclusion does not apply to actions under this measure in plants exclusively dedicated to treating nonrecyclable hazardous waste and to existing plants where the actions under this measure are for the purpose of increasing energy efficiency capturing exhaust gases for storage o
v9-2026b,ST_12355_2026_ADD_1,C2.summary,description,1.0000,31,yes,
