year,estimate,point,se,ci95_low,ci95_high,pctl_2_5,pctl_97_5,replicates
2019,young_tenants_18_34_overburden,40.67,3.76,33.3,48.04,33.55,48.72,200
2019,young_tenants_18_29_overburden,43.81,4.55,34.88,52.73,35.45,53.18,200
2019,tenants_35_49_overburden,35.09,2.31,30.56,39.62,30.92,39.8,200
2019,tenants_50_64_overburden,41.89,3.4,35.23,48.55,35.18,48.29,200
2019,young_tenants_18_34_median_burden,36.05,1.54,33.03,39.07,32.37,37.97,200
2019,young_tenants_18_34_median_rent_to_income,27.45,1.21,25.07,29.83,25.62,30.95,200
2019,market_tenants_overburden,37.4,1.74,33.99,40.82,33.74,40.52,200
2019,living_with_parents_18_34,64.48,1.16,62.21,66.75,61.93,66.69,200
2021,young_tenants_18_34_overburden,42.69,4.34,34.18,51.21,34.23,50.22,200
2021,young_tenants_18_29_overburden,43.45,5.32,33.01,53.88,32.44,52.56,200
2021,tenants_35_49_overburden,40.06,2.06,36.02,44.11,36.18,44.11,200
2021,tenants_50_64_overburden,40.53,2.33,35.97,45.09,36.13,44.82,200
2021,young_tenants_18_34_median_burden,35.6,2.31,31.07,40.12,31.3,40.32,200
2021,young_tenants_18_34_median_rent_to_income,28.47,2.0,24.55,32.39,25.25,32.97,200
2021,market_tenants_overburden,40.89,1.72,37.52,44.26,37.93,44.4,200
2021,living_with_parents_18_34,64.54,1.15,62.29,66.79,62.05,66.54,200
2023,young_tenants_18_34_overburden,27.59,2.45,22.79,32.38,23.0,32.29,200
2023,young_tenants_18_29_overburden,28.51,3.6,21.45,35.58,22.64,36.84,200
2023,tenants_35_49_overburden,31.61,1.48,28.71,34.52,28.96,34.09,200
2023,tenants_50_64_overburden,31.58,2.16,27.35,35.81,27.61,36.61,200
2023,young_tenants_18_34_median_burden,29.37,0.88,27.64,31.1,28.59,31.6,200
2023,young_tenants_18_34_median_rent_to_income,23.37,0.65,22.1,24.64,22.44,24.99,200
2023,market_tenants_overburden,30.61,1.3,28.07,33.15,28.11,33.01,200
2023,living_with_parents_18_34,65.6,0.84,63.95,67.25,63.98,67.26,200
2025,young_tenants_18_34_overburden,31.45,2.38,26.78,36.12,26.91,36.01,200
2025,young_tenants_18_29_overburden,33.99,3.63,26.88,41.1,28.09,40.96,200
2025,tenants_35_49_overburden,26.81,1.52,23.83,29.79,24.07,29.92,200
2025,tenants_50_64_overburden,28.51,1.89,24.8,32.21,24.98,31.84,200
2025,young_tenants_18_34_median_burden,30.82,1.11,28.65,32.99,28.78,33.12,200
2025,young_tenants_18_34_median_rent_to_income,24.7,0.74,23.24,26.15,23.25,26.05,200
2025,market_tenants_overburden,26.8,1.18,24.49,29.11,24.71,29.1,200
2025,living_with_parents_18_34,68.69,0.82,67.08,70.29,67.25,70.18,200
