age_band,from,to,cells,overburden_from,overburden_to,change_pp,composition_pp,within_pp,composition_share_of_change_pct,share_of_tenants_from_pct,share_of_tenants_to_pct
18-34,2021,2025,income_group,42.7,31.5,-11.2,-2.8,-8.5,24.8,,
18-34,2021,2025,income_group_x_age,42.7,31.5,-11.2,-2.8,-8.5,24.5,,
18-34,2019,2025,income_group,40.7,31.5,-9.2,-1.9,-7.4,20.1,,
18-34,2019,2025,income_group_x_age,40.7,31.5,-9.2,-2.0,-7.2,21.5,,
18-34,2022,2023,income_group,40.3,27.6,-12.7,-0.9,-11.8,7.1,,
18-34,2022,2023,income_group_x_age,40.3,27.6,-12.7,-1.5,-11.2,11.5,,
18-34,2014,2025,income_group,52.3,31.5,-20.8,-5.6,-15.2,26.8,,
18-34,2014,2025,income_group_x_age,52.3,31.5,-20.8,-5.4,-15.4,25.9,,
18-34,2008,2025,income_group,44.6,31.5,-13.1,-6.6,-6.6,50.0,,
18-34,2008,2025,income_group_x_age,44.6,31.5,-13.1,-6.6,-6.5,50.5,,
18-29,2021,2025,income_group,43.4,34.0,-9.5,-1.8,-7.6,19.5,,
18-29,2021,2025,income_group_x_age,43.4,34.0,-9.5,-2.5,-7.0,25.9,,
18-29,2019,2025,income_group,43.8,34.0,-9.8,-2.3,-7.5,23.2,,
18-29,2019,2025,income_group_x_age,43.8,34.0,-9.8,-2.7,-7.1,27.8,,
18-29,2022,2023,income_group,48.1,28.5,-19.6,-4.3,-15.4,21.8,,
18-29,2022,2023,income_group_x_age,48.1,28.5,-19.6,-4.2,-15.5,21.3,,
18-29,2014,2025,income_group,54.7,34.0,-20.8,-2.9,-17.9,14.0,,
18-29,2014,2025,income_group_x_age,54.7,34.0,-20.8,-2.6,-18.2,12.3,,
18-29,2008,2025,income_group,49.0,34.0,-15.1,-6.6,-8.4,43.9,,
18-29,2008,2025,income_group_x_age,49.0,34.0,-15.1,-7.8,-7.3,51.5,,
all_ages,2021,2025,age_group_of_market_tenants,40.9,26.8,-14.1,-0.3,-13.8,2.3,,
all_ages,2021,2025,within_contribution:18-34_emancipated,42.7,31.5,-11.2,,-1.7,,,
all_ages,2021,2025,within_contribution:18-34_with_parents,31.1,16.2,-14.9,,-1.7,,,
all_ages,2021,2025,within_contribution:under_18,42.8,26.1,-16.8,,-3.7,,,
all_ages,2021,2025,within_contribution:35-49,40.1,26.8,-13.3,,-4.0,,,
all_ages,2021,2025,within_contribution:50-64,40.5,28.5,-12.0,,-1.8,,,
all_ages,2021,2025,within_contribution:65_plus,48.3,34.4,-13.9,,-0.9,,,
all_ages,2019,2025,age_group_of_market_tenants,37.4,26.8,-10.6,-0.1,-10.6,0.5,,
all_ages,2019,2025,within_contribution:18-34_emancipated,40.7,31.5,-9.2,,-1.5,,,
all_ages,2019,2025,within_contribution:18-34_with_parents,30.8,16.2,-14.6,,-1.7,,,
all_ages,2019,2025,within_contribution:under_18,37.1,26.1,-11.1,,-2.4,,,
all_ages,2019,2025,within_contribution:35-49,35.1,26.8,-8.3,,-2.5,,,
all_ages,2019,2025,within_contribution:50-64,41.9,28.5,-13.4,,-1.9,,,
all_ages,2019,2025,within_contribution:65_plus,43.8,34.4,-9.3,,-0.6,,,
all_ages,2021,2025,national_income_quintile_of_market_tenants,40.9,26.8,-14.1,-2.0,-12.1,14.1,,
all_ages,2021,2025,quintile_1,74.3,55.1,-19.2,,,,38.0,33.7
all_ages,2021,2025,quintile_2,32.9,20.1,-12.8,,,,23.5,25.1
all_ages,2021,2025,quintile_3,18.7,10.1,-8.6,,,,17.7,19.5
all_ages,2021,2025,quintile_4,12.1,8.1,-4.0,,,,10.5,12.0
all_ages,2021,2025,quintile_5,3.0,2.4,-0.6,,,,10.3,9.7
all_ages,2019,2025,national_income_quintile_of_market_tenants,37.4,26.8,-10.6,-1.6,-9.0,14.9,,
all_ages,2019,2025,quintile_1,68.7,55.1,-13.7,,,,37.4,33.7
all_ages,2019,2025,quintile_2,32.2,20.1,-12.0,,,,22.6,25.1
all_ages,2019,2025,quintile_3,14.6,10.1,-4.4,,,,18.7,19.5
all_ages,2019,2025,quintile_4,12.3,8.1,-4.2,,,,12.5,12.0
all_ages,2019,2025,quintile_5,1.7,2.4,0.7,,,,8.8,9.7
all_ages,2022,2023,national_income_quintile_of_market_tenants,39.4,30.6,-8.8,-2.3,-6.5,25.9,,
all_ages,2022,2023,quintile_1,76.2,63.9,-12.3,,,,37.3,32.6
all_ages,2022,2023,quintile_2,32.1,28.7,-3.4,,,,20.8,23.0
all_ages,2022,2023,quintile_3,17.0,11.7,-5.3,,,,18.3,19.9
all_ages,2022,2023,quintile_4,7.3,4.9,-2.4,,,,12.6,13.8
all_ages,2022,2023,quintile_5,2.5,1.5,-1.1,,,,11.0,10.7
