year,group,n,median_rent,median_housing_cost,median_income,median_income_all_households,share_households_market_rent_pct,overburden_persons_pct,overburden_households_pct
2008,market_rent_households,1002,448.4,547.6,17304,23918,11.0,43.5,45.8
2009,market_rent_households,1050,480.0,593.6,18624,24626,11.3,41.5,44.4
2010,market_rent_households,1117,460.0,589.3,17744,24470,11.4,43.6,48.7
2011,market_rent_households,1109,450.0,567.1,16845,23212,12.1,43.0,47.9
2012,market_rent_households,1046,440.7,572.1,16558,22788,12.0,44.7,50.0
2013,market_rent_households,1106,437.7,562.1,16072,22231,12.9,42.3,46.9
2014,market_rent_households,1122,416.9,551.1,15182,21486,12.4,47.5,53.2
2015,market_rent_households,1185,439.3,558.2,16931,21446,13.1,43.3,46.5
2016,market_rent_households,1603,435.0,556.1,17222,21947,13.8,43.0,46.7
2017,market_rent_households,1675,444.4,572.8,18119,22853,14.3,42.1,46.4
2018,market_rent_households,1684,450.0,588.6,19062,23332,14.8,38.1,43.0
2019,market_rent_households,2163,450.0,588.6,19240,24330,15.4,37.4,43.1
2020,market_rent_households,1893,460.0,604.4,20363,26131,14.7,35.9,41.4
2021,market_rent_households,2741,492.4,628.2,19264,25876,15.2,40.9,46.6
2022,market_rent_households,3112,500.0,665.4,21271,27377,15.1,39.4,44.7
2023,market_rent_households,3370,516.4,681.6,24477,29664,15.4,30.6,37.5
2024,market_rent_households,3806,550.0,707.6,25934,31749,17.0,28.1,35.1
2025,market_rent_households,3733,593.5,738.1,27645,33654,16.7,26.8,35.3
