source,url,retrieved,sha256_of_local_copy
"ESMA interim MiCA register, OTHER.csv",https://www.esma.europa.eu/sites/default/files/2024-12/OTHER.csv,2026-10-03,556db62050a19f3d4fc6a139e97eb4b309ff9fd1fdd92c06fd6b34775cb3c990
"ESMA interim MiCA register, EMTWP.csv",https://www.esma.europa.eu/sites/default/files/2024-12/EMTWP.csv,2026-10-03,5d63159cf4a5f11ffff065d0a48cc84384c7e7bd4a5c4d1e4896ddf3f2c198c3
"ESMA interim MiCA register, ARTZZ.csv",https://www.esma.europa.eu/sites/default/files/2024-12/ARTZZ.csv,2026-10-03,fa1ef4da123e3d49642c69f90a81a88f6c2cc2a0b9471b2108e4dfc635ca7c67
ESMA register field descriptions,https://www.esma.europa.eu/sites/default/files/2024-12/Description_of_the_fields_in_the_interim_MiCA_register.csv,2026-10-03,7d89b5d4ff83ccf07bb2673e864def28dfed410eef5add3a2c5a623ceb8ad295
"Wayback capture of OTHER.csv, 2025-12-23",https://web.archive.org/web/20251223101326id_/https://www.esma.europa.eu/sites/default/files/2024-12/OTHER.csv,2026-10-03,6b8cb597a016daa90991ff68dfaf8651c53744c0affe147c2e6f14c48e9f8d00
ESMA MiCA taxonomy 2025,https://www.esma.europa.eu/sites/default/files/2025-08/mica_taxonomy_2025.zip,2026-10-03,19921398b16cb2521f808965e5d058be8f68591c8f9d77d24eb9df2c14aae033
ESMA MiCA taxonomy formulas (xlsx),https://www.esma.europa.eu/sites/default/files/2025-08/mica_taxonomy_formulas_202507.xlsx,2026-10-03,7e63357f8b4666845194d988e843e079ca706e47eaab4e7845f655238980cdac
ESMA statement ESMA75-1303207761-6284 (28-11-2025),https://www.esma.europa.eu/sites/default/files/2025-11/ESMA75-1303207761-6284_Statement_to_support_the_smooth_implementation_of_MiCA_standards_and_format.pdf,2026-10-03,19f3cc68f4f9e8781cbe62642bec7ff3ba7581639321ba537c58f25e378059bb
ESMA MiCA white paper reporting manual v1.0,https://www.esma.europa.eu/sites/default/files/2025-08/mica_taxonomy_reporting_manual_v1.0.pdf,2026-10-03,f812adae55255c34875dc8a8ce8ead76ecfe6e0280d415f602971619de678f8b
MiCA consolidated text (CELEX 02023R1114-20240109),https://publications.europa.eu/resource/celex/02023R1114-20240109,2026-10-03,ba94428393f44e0b5c5cfbe3d40290ae4d07faddd500a57b4e0d6f44a900e3f8
Implementing Regulation (EU) 2024/2984 (CELEX 32024R2984),https://publications.europa.eu/resource/celex/32024R2984,2026-10-03,40247d1c2a5db67101cff1566498839c9fccc8e2cf1964987c4ac2831481b7d4
ESMA Q&A 2845,https://www.esma.europa.eu/publications-data/questions-answers/2845,2026-10-03,ab55c122a98fb6d820643398f323b50dc74fbda25c7b0ae3cf4e8394ab4e0786
